"";"subj.id";"Duration__in_seconds_";"RecordedDate";"Q_RecaptchaScore";"consent";"age";"gender";"educ";"screener.captcha15";"prior.climate.pos";"prior.climate.cert";"prior.climate.imp";"prior.climate.diff";"prior.gmo.pos";"prior.gmo.cert";"prior.gmo.imp";"prior.gmo.diff";"prior.hom.pos";"prior.hom.cert";"prior.hom.imp";"prior.hom.diff";"att.memory1";"att.memory2";"num1";"num2";"num3";"num4";"num5";"num6_4";"num6_5";"num7";"num8";"num9";"polit.eng1";"att.check.birthday";"polit.eng2";"polit.eng3";"polit.eng4";"sci.trust";"polit.lr";"polit.cult";"polit.econ";"immigr.pos";"gay.pos";"t.hard.clim.rt_First_Click";"t.hard.clim.rt_Last_Click";"t.hard.clim.rt_Page_Submit";"t.hard.clim.rt_Click_Count";"t.hard.clim.resp.s";"t.hard.clim.resp.s_DO_0";"t.hard.clim.resp.s_DO_1";"t.hard.clim.resp.ns";"t.hard.clim.resp.ns_DO_1";"t.hard.clim.resp.ns_DO_0";"t.hard.clim.eff";"t.hard.clim.diff";"t.hard.clim.frustr";"t.hard.clim.percc";"t.hard.gmo.rt_First_Click";"t.hard.gmo.rt_Last_Click";"t.hard.gmo.rt_Page_Submit";"t.hard.gmo.rt_Click_Count";"t.hard.gmo.resp.s";"t.hard.gmo.resp.s_DO_1";"t.hard.gmo.resp.s_DO_0";"t.hard.gmo.resp.ns";"t.hard.gmo.resp.ns_DO_0";"t.hard.gmo.resp.ns_DO_1";"t.hard.gmo.eff";"t.hard.gmo.diff";"t.hard.gmo.frustr";"t.hard.gmo.percc";"t.hard.hom.rt_First_Click";"t.hard.hom.rt_Last_Click";"t.hard.hom.rt_Page_Submit";"t.hard.hom.rt_Click_Count";"t.hard.hom.resp.s";"t.hard.hom.resp.s_DO_1";"t.hard.hom.resp.s_DO_0";"t.hard.hom.resp.ns";"t.hard.hom.resp.ns_DO_0";"t.hard.hom.resp.ns_DO_1";"t.hard.hom.eff";"t.hard.hom.diff";"t.hard.hom.frustr";"t.hard.hom.percc";"t.easy.clim.rt_First_Click";"t.easy.clim.rt_Last_Click";"t.easy.clim.rt_Page_Submit";"t.easy.clim.rt_Click_Count";"t.easy.clim.resp.s";"t.easy.clim.resp.s_DO_0";"t.easy.clim.resp.s_DO_1";"t.easy.clim.resp.ns";"t.easy.clim.resp.ns_DO_1";"t.easy.clim.resp.ns_DO_0";"t.easy.clim.eff";"t.easy.clim.diff";"t.easy.clim.frustr";"t.easy.clim.percc";"t.easy.gmo.rt_First_Click";"t.easy.gmo.rt_Last_Click";"t.easy.gmo.rt_Page_Submit";"t.easy.gmo.rt_Click_Count";"t.easy.gmo.resp.s";"t.easy.gmo.resp.s_DO_1";"t.easy.gmo.resp.s_DO_0";"t.easy.gmo.resp.ns";"t.easy.gmo.resp.ns_DO_0";"t.easy.gmo.resp.ns_DO_1";"t.easy.gmo.eff";"t.easy.gmo.diff";"t.easy.gmo.frustr";"t.easy.gmo.percc";"t.easy.hom.rt_First_Click";"t.easy.hom.rt_Last_Click";"t.easy.hom.rt_Page_Submit";"t.easy.hom.rt_Click_Count";"t.easy.hom.resp.s";"t.easy.hom.resp.s_DO_1";"t.easy.hom.resp.s_DO_0";"t.easy.hom.resp.ns";"t.easy.hom.resp.ns_DO_0";"t.easy.hom.resp.ns_DO_1";"t.easy.hom.eff";"t.easy.hom.diff";"t.easy.hom.frustr";"t.easy.hom.percc";"nfc1";"nfc2";"nfc3";"t.hard.clim.sol.rt_First_Click";"t.hard.clim.sol.rt_Last_Click";"t.hard.clim.sol.rt_Page_Submit";"t.hard.clim.sol.rt_Click_Count";"t.hard.clim.sol.resp";"t.hard.clim.sol.resp_DO_0";"t.hard.clim.sol.resp_DO_1";"t.hard.clim.sol.resp_DO_2";"t.hard.clim.sol.resp_DO_3";"t.hard.clim.sol.resp_DO_4";"t.hard.clim.sol.resp_DO_5";"t.hard.gmo.sol.rt_First_Click";"t.hard.gmo.sol.rt_Last_Click";"t.hard.gmo.sol.rt_Page_Submit";"t.hard.gmo.sol.rt_Click_Count";"t.hard.gmo.sol.resp";"t.hard.gmo.sol.resp_DO_0";"t.hard.gmo.sol.resp_DO_1";"t.hard.gmo.sol.resp_DO_2";"t.hard.gmo.sol.resp_DO_3";"t.hard.gmo.sol.resp_DO_4";"t.hard.gmo.sol.resp_DO_5";"t.hard.hom.sol.rt_First_Click";"t.hard.hom.sol.rt_Last_Click";"t.hard.hom.sol.rt_Page_Submit";"t.hard.hom.sol.rt_Click_Count";"t.hard.hom.sol.resp";"t.hard.hom.sol.resp_DO_0";"t.hard.hom.sol.resp_DO_1";"t.hard.hom.sol.resp_DO_2";"t.hard.hom.sol.resp_DO_3";"t.hard.hom.sol.resp_DO_4";"t.hard.hom.sol.resp_DO_5";"t.easy.clim.sol.rt_First_Click";"t.easy.clim.sol.rt_Last_Click";"t.easy.clim.sol.rt_Page_Submit";"t.easy.clim.sol.rt_Click_Count";"t.easy.clim.sol.resp";"t.easy.clim.sol.resp_DO_0";"t.easy.clim.sol.resp_DO_1";"t.easy.clim.sol.resp_DO_2";"t.easy.clim.sol.resp_DO_3";"t.easy.clim.sol.resp_DO_4";"t.easy.clim.sol.resp_DO_5";"t.easy.gmo.sol.rt_First_Click";"t.easy.gmo.sol.rt_Last_Click";"t.easy.gmo.sol.rt_Page_Submit";"t.easy.gmo.sol.rt_Click_Count";"t.easy.gmo.sol.resp";"t.easy.gmo.sol.resp_DO_0";"t.easy.gmo.sol.resp_DO_1";"t.easy.gmo.sol.resp_DO_2";"t.easy.gmo.sol.resp_DO_3";"t.easy.gmo.sol.resp_DO_4";"t.easy.gmo.sol.resp_DO_5";"t.easy.hom.sol.rt_First_Click";"t.easy.hom.sol.rt_Last_Click";"t.easy.hom.sol.rt_Page_Submit";"t.easy.hom.sol.rt_Click_Count";"t.easy.hom.sol.resp";"t.easy.hom.sol.resp_DO_0";"t.easy.hom.sol.resp_DO_1";"t.easy.hom.sol.resp_DO_2";"t.easy.hom.sol.resp_DO_3";"t.easy.hom.sol.resp_DO_4";"t.easy.hom.sol.resp_DO_5";"region";"relig";"income";"polit.party";"polit.party_97_TEXT";"guessing.check";"instruction.check";"serious.check";"comment";"condition";"table.clim";"table.gmo";"table.hom";"t.hard.clim.order";"t.hard.gmo.order";"t.hard.hom.order";"t.easy.clim.order";"t.easy.gmo.order";"t.easy.hom.order";"t.hard.clim.sol.order";"t.hard.gmo.sol.order";"t.hard.hom.sol.order";"t.easy.clim.sol.order";"t.easy.gmo.sol.order";"t.easy.hom.sol.order";"polit.party.econ";"polit.party.cult";"polit.party.name";"polit.lr3";"polit.cult3";"polit.econ3";"immigr.pos.reversed";"gay.pos.reversed";"ideology";"num1.cor";"num2.cor";"num3.cor";"num4.cor";"num5.cor";"num6.cor";"num7.cor";"num8.cor";"num9.cor";"num";"num01";"crt";"crt01";"NFC.mean";"att.check1.cor";"att.check2.cor";"att.check3.cor";"age_s";"educ_s";"relig_s";"polit.cult3_s";"polit.econ3_s";"polit.lr_s";"age_s_c";"educ_s_c";"relig_s_c";"polit.cult3_s_c";"polit.econ3_s_c";"num_c";"crt_c"
"1";2;1872;2024-03-07 13:02:53;NA;1;19;0;3;"15";91;82;75;58;0;100;92;0;5;85;85;81;4;"kot";100;50;3;1000;10;19;100;9;25;14;5;1;2;2;2;6;5;2;7;2;1;166,703;166,703;168,855;1;1;1;2;NA;NA;NA;74;84;79;90;51,009;51,009;52,345;1;NA;NA;NA;1;1;2;20;12;1;100;271,194;271,194;272,834;1;NA;NA;NA;0;1;2;73;76;74;86;NA;NA;NA;NA;NA;NA;NA;NA;NA;NA;NA;NA;NA;NA;NA;NA;NA;NA;NA;NA;NA;NA;NA;NA;NA;NA;NA;NA;NA;NA;NA;NA;NA;NA;NA;NA;NA;NA;NA;NA;NA;NA;5;6;5;192,78;192,78;194,179;1;5;1;2;3;4;5;6;NA;NA;NA;NA;NA;NA;NA;NA;NA;NA;NA;NA;NA;NA;NA;NA;NA;NA;NA;NA;NA;NA;NA;NA;NA;NA;NA;NA;NA;NA;NA;NA;NA;NA;NA;NA;NA;NA;NA;NA;NA;NA;NA;NA;NA;NA;NA;NA;NA;NA;NA;NA;NA;NA;NA;2;7;7;98;"";3;1;1;"";"hard";"s";"ns";"ns";3;2;1;NA;NA;NA;1;NA;NA;NA;NA;NA;NA;NA;"IDK & Other";0,5;0;1;6;7;5;1;0;0;0;0;0;0;1;0;0,222222222222222;1;0,333333333333333;1;5,33333333333333;1;1;1;0;0,5;1;0;1;0,666666666666667;-0,209795321637427;-0,263888888888889;0,611111111111111;-0,228571428571429;0,472222222222222;-0,455246913580247;-0,185185185185185
"2";3;1880;2024-03-07 13:08:13;NA;1;19;0;3;"15";100;76;83;26;100;100;0;0;0;100;0;18;4;"Kot";100;20;500;10;0,1;9;19;9;25;27;7;1;4;1;5;7;2;2;1;6;6;NA;NA;NA;NA;NA;NA;NA;NA;NA;NA;NA;NA;NA;NA;NA;NA;NA;NA;NA;NA;NA;NA;NA;NA;NA;NA;NA;NA;NA;NA;NA;NA;NA;NA;NA;NA;NA;NA;NA;NA;NA;NA;4,53;190,363;193,769;8;NA;NA;NA;1;2;1;64;63;0;84;25,206;139,124;167,531;7;1;2;1;NA;NA;NA;61;61;0;100;21,886;98,818;100,567;7;0;2;1;NA;NA;NA;25;26;0;100;4;4;5;NA;NA;NA;NA;NA;NA;NA;NA;NA;NA;NA;NA;NA;NA;NA;NA;NA;NA;NA;NA;NA;NA;NA;NA;NA;NA;NA;NA;NA;NA;NA;NA;NA;56,243;135,29;135,984;6;1;6;5;4;3;2;1;32,118;56,901;58,431;4;0;6;5;4;3;2;1;86,247;143,588;144,684;9;1;6;5;4;3;2;1;3;4;10;2;"";4;1;1;"";"easy";"ns";"s";"s";NA;NA;NA;2;1;3;NA;NA;NA;3;2;1;1;0;"2. The Civic Coalition";0;0;0;2;2;2;1;1;1;1;1;1;0;1;1;0,888888888888889;1;0,666666666666667;1;4,33333333333333;1;1;1;0;0,5;0,5;0;0;0,166666666666667;-0,209795321637427;-0,263888888888889;0,111111111111111;-0,228571428571429;-0,527777777777778;0,21141975308642;0,148148148148148
"3";4;1955;2024-03-07 13:08:54;NA;1;19;1;3;"15";30;100;20;30;40;37;27;37;20;71;0;11;4;"kot";100;20;500;10;0,1;9;19;4;50;27;5;1;4;3;5;2;5;5;7;3;1;NA;NA;NA;NA;NA;NA;NA;NA;NA;NA;NA;NA;NA;NA;NA;NA;NA;NA;NA;NA;NA;NA;NA;NA;NA;NA;NA;NA;NA;NA;NA;NA;NA;NA;NA;NA;NA;NA;NA;NA;NA;NA;159,993;161,049;161,427;2;NA;NA;NA;1;2;1;29;18;14;70;117,363;117,363;119,383;1;1;2;1;NA;NA;NA;20;51;23;50;92,438;92,438;94,495;1;0;2;1;NA;NA;NA;19;19;18;73;4;4;4;NA;NA;NA;NA;NA;NA;NA;NA;NA;NA;NA;NA;NA;NA;NA;NA;NA;NA;NA;NA;NA;NA;NA;NA;NA;NA;NA;NA;NA;NA;NA;NA;NA;96,42;115,46;118,935;7;0;6;5;4;3;2;1;24,93;24,93;30,693;1;5;6;5;4;3;2;1;27,538;84,01;84,613;9;0;6;5;4;3;2;1;1;7;5;7;"";4;1;1;"w 2 pierwszych zadaniach odnosnie interpretacji wynikow badan naukowcow zaznaczylem ze sie nie zgadzam, kiedy sie zdecydowanie zgadzam, tak jak w ostatnim";"easy";"ns";"s";"s";NA;NA;NA;2;1;3;NA;NA;NA;1;3;2;NA;NA;NA;0,5;0,5;1;5;7;5,66666666666667;1;1;1;1;1;1;1;0;1;0,888888888888889;1;0,666666666666667;1;4;1;1;1;0;0,5;1;0,5;1;0,666666666666667;-0,209795321637427;-0,263888888888889;0,611111111111111;0,271428571428571;0,472222222222222;0,21141975308642;0,148148148148148
"4";5;2159;2024-03-07 13:19:13;NA;1;19;0;3;"15";70;68;59;60;17;74;76;19;10;64;19;26;4;"kot";100;20;500;10;10;1;10;3;25;27;4;1;3;3;3;5;3;2;4;5;7;4,525;35,383;75,054;5;1;1;2;NA;NA;NA;67;67;25;27;1,21;78,004;78,964;2;NA;NA;NA;1;1;2;67;66;49;31;5,524;305,947;328,302;19;NA;NA;NA;1;1;2;89;77;74;36;NA;NA;NA;NA;NA;NA;NA;NA;NA;NA;NA;NA;NA;NA;NA;NA;NA;NA;NA;NA;NA;NA;NA;NA;NA;NA;NA;NA;NA;NA;NA;NA;NA;NA;NA;NA;NA;NA;NA;NA;NA;NA;5;6;5;NA;NA;NA;NA;NA;NA;NA;NA;NA;NA;NA;NA;NA;NA;NA;NA;NA;NA;NA;NA;NA;NA;22,608;78,834;82,778;12;4;1;2;3;4;5;6;NA;NA;NA;NA;NA;NA;NA;NA;NA;NA;NA;NA;NA;NA;NA;NA;NA;NA;NA;NA;NA;NA;NA;NA;NA;NA;NA;NA;NA;NA;NA;NA;NA;3;2;6;98;"";4;1;1;"";"hard";"s";"ns";"ns";2;3;1;NA;NA;NA;NA;NA;1;NA;NA;NA;NA;NA;"IDK & Other";0,5;0;0,5;3;1;2;1;1;1;1;0;0;0;1;1;0,666666666666667;1;0,666666666666667;1;5,33333333333333;1;1;1;0;0,5;0,166666666666667;0;0,5;0,333333333333333;-0,209795321637427;-0,263888888888889;-0,222222222222222;-0,228571428571429;-0,0277777777777778;-0,0108024691358025;0,148148148148148
"5";6;1945;2024-03-07 14:08:37;NA;1;22;2;3;"15";67;82;87;38;28;18;55;59;0;82;62;19;4;"kot";100;20;500;10;0,1;9;10;5;25;27;7;1;5;4;6;7;1;2;1;5;7;3,255;99,1;113,228;21;NA;NA;NA;1;1;2;43;42;0;74;22,428;130,854;135,318;20;0;1;2;NA;NA;NA;29;31;0;84;13,902;94,3;95,879;22;1;1;2;NA;NA;NA;17;28;0;88;NA;NA;NA;NA;NA;NA;NA;NA;NA;NA;NA;NA;NA;NA;NA;NA;NA;NA;NA;NA;NA;NA;NA;NA;NA;NA;NA;NA;NA;NA;NA;NA;NA;NA;NA;NA;NA;NA;NA;NA;NA;NA;4;6;3;5,179;105,187;107,501;29;1;1;2;3;4;5;6;NA;NA;NA;NA;NA;NA;NA;NA;NA;NA;NA;NA;NA;NA;NA;NA;NA;NA;NA;NA;NA;NA;NA;NA;NA;NA;NA;NA;NA;NA;NA;NA;NA;NA;NA;NA;NA;NA;NA;NA;NA;NA;NA;NA;NA;NA;NA;NA;NA;NA;NA;NA;NA;NA;NA;3;1;3;99;"";4;1;1;"";"hard";"ns";"s";"s";3;2;1;NA;NA;NA;1;NA;NA;NA;NA;NA;NA;NA;"IDK & Other";0;0;0;3;1;2;1;1;1;1;1;0;0;1;1;0,777777777777778;1;0,666666666666667;1;4,33333333333333;1;1;1;0,0789473684210526;0,5;0;0;0;0;-0,130847953216374;-0,263888888888889;-0,388888888888889;-0,228571428571429;-0,527777777777778;0,100308641975309;0,148148148148148
"6";9;1316;2024-03-07 14:50:27;NA;1;20;0;3;"15";89;82;64;40;82;80;24;40;45;38;30;71;4;"kot";100;20;500;10;10;9;100;2;50;27;6;1;4;5;6;6;2;1;3;6;7;NA;NA;NA;NA;NA;NA;NA;NA;NA;NA;NA;NA;NA;NA;NA;NA;NA;NA;NA;NA;NA;NA;NA;NA;NA;NA;NA;NA;NA;NA;NA;NA;NA;NA;NA;NA;NA;NA;NA;NA;NA;NA;25,021;146,794;147,431;14;1;1;2;NA;NA;NA;56;43;35;87;17,866;100,572;101,261;9;NA;NA;NA;1;1;2;65;43;36;79;11,196;108,495;109,766;10;NA;NA;NA;1;1;2;54;27;17;92;4;5;3;NA;NA;NA;NA;NA;NA;NA;NA;NA;NA;NA;NA;NA;NA;NA;NA;NA;NA;NA;NA;NA;NA;NA;NA;NA;NA;NA;NA;NA;NA;NA;NA;NA;1,044;32,212;32,721;8;3;1;2;3;4;5;6;0,412;7,304;8,833;3;3;1;2;3;4;5;6;19,891;63,996;64,781;8;3;1;2;3;4;5;6;3;2;6;1;"";4;1;1;"";"easy";"s";"ns";"ns";NA;NA;NA;2;3;1;NA;NA;NA;2;3;1;0;0;"1. Left";0;0;0,5;2;1;1,33333333333333;1;1;1;1;0;0;0;0;1;0,555555555555556;1;0,333333333333333;1;4;1;1;1;0,0263157894736842;0,5;0,166666666666667;0;0,5;0,166666666666667;-0,183479532163743;-0,263888888888889;-0,222222222222222;-0,228571428571429;-0,0277777777777778;-0,121913580246914;-0,185185185185185
"7";11;1096;2024-03-08 09:21:01;NA;1;23;0;3;"15";49;90;78;59;39;88;29;86;80;89;19;86;4;"Kot";100;20;500;10;0,1;9;100;4;25;27;2;1;2;2;2;5;4;4;4;4;7;19,398;67,882;89,742;9;1;2;1;NA;NA;NA;40;39;5;92;12,954;89,347;96,4;7;NA;NA;NA;1;2;1;41;27;10;89;12,272;142,037;142,848;8;1;2;1;NA;NA;NA;67;29;5;90;NA;NA;NA;NA;NA;NA;NA;NA;NA;NA;NA;NA;NA;NA;NA;NA;NA;NA;NA;NA;NA;NA;NA;NA;NA;NA;NA;NA;NA;NA;NA;NA;NA;NA;NA;NA;NA;NA;NA;NA;NA;NA;4;4;4;NA;NA;NA;NA;NA;NA;NA;NA;NA;NA;NA;NA;NA;NA;NA;NA;NA;NA;NA;NA;NA;NA;16,409;27,379;27,848;5;5;6;5;4;3;2;1;NA;NA;NA;NA;NA;NA;NA;NA;NA;NA;NA;NA;NA;NA;NA;NA;NA;NA;NA;NA;NA;NA;NA;NA;NA;NA;NA;NA;NA;NA;NA;NA;NA;0;2;4;98;"";4;1;1;"";"hard";"s";"ns";"s";3;2;1;NA;NA;NA;NA;NA;1;NA;NA;NA;NA;NA;"IDK & Other";0,5;0,5;0,5;4;1;3;1;1;1;1;1;0;1;1;1;0,888888888888889;1;1;1;4;1;1;1;0,105263157894737;0,5;0,166666666666667;0,5;0,5;0,5;-0,10453216374269;-0,263888888888889;-0,222222222222222;0,271428571428571;-0,0277777777777778;0,21141975308642;0,481481481481482
"8";18;1023;2024-03-08 15:15:33;NA;1;19;0;3;"15";91;85;92;53;80;73;61;61;61;54;60;61;4;"kot";100;20;1,7;10;0,001;19;100;9;50;14;6;1;4;6;6;5;2;2;6;6;7;NA;NA;NA;NA;NA;NA;NA;NA;NA;NA;NA;NA;NA;NA;NA;NA;NA;NA;NA;NA;NA;NA;NA;NA;NA;NA;NA;NA;NA;NA;NA;NA;NA;NA;NA;NA;NA;NA;NA;NA;NA;NA;3,274;3,274;4,547;1;NA;NA;NA;1;2;1;81;85;86;64;75,847;75,847;77,715;1;1;2;1;NA;NA;NA;79;75;92;57;37,35;39,864;41,172;3;NA;NA;NA;1;2;1;79;80;84;56;5;5;3;NA;NA;NA;NA;NA;NA;NA;NA;NA;NA;NA;NA;NA;NA;NA;NA;NA;NA;NA;NA;NA;NA;NA;NA;NA;NA;NA;NA;NA;NA;NA;NA;NA;46,979;46,979;47,952;1;4;6;5;4;3;2;1;44,722;46,669;49,108;2;4;6;5;4;3;2;1;5,579;5,579;7,583;1;4;6;5;4;3;2;1;3;1;8;2;"";2;1;1;"";"easy";"ns";"s";"ns";NA;NA;NA;3;1;2;NA;NA;NA;3;1;2;1;0;"2. The Civic Coalition";0;0;1;2;1;1,66666666666667;1;1;0;1;0;0;0;0;0;0,333333333333333;1;0;0;4,33333333333333;1;1;1;0;0,5;0;0;1;0,166666666666667;-0,209795321637427;-0,263888888888889;-0,388888888888889;-0,228571428571429;0,472222222222222;-0,344135802469136;-0,518518518518518
"9";19;814;2024-03-08 17:38:26;NA;1;39;0;4;"15";57;50;28;90;29;52;66;27;91;99;15;41;4;"Kot";100;5;1000;1;0,001;10;9;6;50;14;5;1;6;5;4;5;3;2;6;1;6;NA;NA;NA;NA;NA;NA;NA;NA;NA;NA;NA;NA;NA;NA;NA;NA;NA;NA;NA;NA;NA;NA;NA;NA;NA;NA;NA;NA;NA;NA;NA;NA;NA;NA;NA;NA;NA;NA;NA;NA;NA;NA;12,622;68,419;69,559;12;NA;NA;NA;0;1;2;98;95;99;52;4,012;68,22;72,846;9;NA;NA;NA;1;1;2;90;95;98;52;8,594;58,903;62,1;13;NA;NA;NA;0;1;2;98;97;97;53;6;4;5;NA;NA;NA;NA;NA;NA;NA;NA;NA;NA;NA;NA;NA;NA;NA;NA;NA;NA;NA;NA;NA;NA;NA;NA;NA;NA;NA;NA;NA;NA;NA;NA;NA;12,301;19,001;19,799;6;4;1;2;3;4;5;6;12,217;42,602;43,201;15;5;1;2;3;4;5;6;12,226;29,524;30,301;7;4;1;2;3;4;5;6;1;5;4;2;"";4;1;1;"";"easy";"ns";"ns";"ns";NA;NA;NA;2;1;3;NA;NA;NA;3;2;1;1;0;"2. The Civic Coalition";0,5;0;1;7;2;3,66666666666667;1;0;0;0;0;0;0;0;0;0,111111111111111;1;0;0;5;1;1;1;0,526315789473684;1;0,666666666666667;0;1;0,333333333333333;0,316520467836257;0,236111111111111;0,277777777777778;-0,228571428571429;0,472222222222222;-0,566358024691358;-0,518518518518518
"10";20;938;2024-03-08 17:38:38;NA;1;20;0;3;"15";100;20;61;79;100;100;23;0;48;0;4;70;4;"Kot";100;20;500;10;0,1;19;100;4;25;27;5;1;3;3;6;7;1;1;1;6;7;2,012;163,886;164,398;19;1;1;2;NA;NA;NA;80;76;68;19;2,066;13,228;13,771;2;0;1;2;NA;NA;NA;80;78;80;16;2,863;57,063;59,063;14;0;1;2;NA;NA;NA;65;70;75;30;NA;NA;NA;NA;NA;NA;NA;NA;NA;NA;NA;NA;NA;NA;NA;NA;NA;NA;NA;NA;NA;NA;NA;NA;NA;NA;NA;NA;NA;NA;NA;NA;NA;NA;NA;NA;NA;NA;NA;NA;NA;NA;2;6;5;NA;NA;NA;NA;NA;NA;NA;NA;NA;NA;NA;1,218;33,106;34,271;12;3;1;2;3;4;5;6;NA;NA;NA;NA;NA;NA;NA;NA;NA;NA;NA;NA;NA;NA;NA;NA;NA;NA;NA;NA;NA;NA;NA;NA;NA;NA;NA;NA;NA;NA;NA;NA;NA;NA;NA;NA;NA;NA;NA;NA;NA;NA;NA;NA;3;1;NA;1;"";4;1;1;"";"hard";"s";"s";"s";1;3;2;NA;NA;NA;NA;1;NA;NA;NA;NA;0;0;"1. Left";0;0;0;2;1;1,33333333333333;1;1;1;1;1;0;1;1;1;0,888888888888889;1;1;1;4,33333333333333;1;1;1;0,0263157894736842;0,5;0;0;0;0;-0,183479532163743;-0,263888888888889;-0,388888888888889;-0,228571428571429;-0,527777777777778;0,21141975308642;0,481481481481482
"11";24;1238;2024-03-08 19:22:53;NA;1;21;0;3;"15";27;61;68;55;77;44;37;57;61;19;21;90;4;"kot";100;20;500;10;0,1;1;10;6;25;27;4;1;3;1;2;2;NA;1;4;2;7;13,235;97,7;99,975;9;NA;NA;NA;1;1;2;60;58;78;16;8,137;47,445;50,602;9;NA;NA;NA;1;1;2;66;83;90;32;5,758;154,5;157,403;9;1;1;2;NA;NA;NA;80;59;100;0;NA;NA;NA;NA;NA;NA;NA;NA;NA;NA;NA;NA;NA;NA;NA;NA;NA;NA;NA;NA;NA;NA;NA;NA;NA;NA;NA;NA;NA;NA;NA;NA;NA;NA;NA;NA;NA;NA;NA;NA;NA;NA;6;6;2;5,801;33,883;34,507;9;4;1;2;3;4;5;6;NA;NA;NA;NA;NA;NA;NA;NA;NA;NA;NA;NA;NA;NA;NA;NA;NA;NA;NA;NA;NA;NA;NA;NA;NA;NA;NA;NA;NA;NA;NA;NA;NA;NA;NA;NA;NA;NA;NA;NA;NA;NA;NA;NA;NA;NA;NA;NA;NA;NA;NA;NA;NA;NA;NA;2;5;5;4;"";3;1;1;"";"hard";"ns";"ns";"s";2;3;1;NA;NA;NA;1;NA;NA;NA;NA;NA;0;1;"4. Law & Justice";NA;0;0,5;6;1;2,66666666666667;1;1;1;1;1;0;0;1;1;0,777777777777778;1;0,666666666666667;1;4,66666666666667;1;1;1;0,0526315789473684;0,5;0,666666666666667;0;0,5;NA;-0,157163742690058;-0,263888888888889;0,277777777777778;-0,228571428571429;-0,0277777777777778;0,100308641975309;0,148148148148148
"12";25;1400;2024-03-08 19:51:22;NA;1;32;0;4;"15";87;100;74;34;48;70;28;55;57;77;3;25;4;"kot";100;20;500;10;0,1;9;10;4;25;27;5;1;3;3;3;6;3;1;4;2;7;NA;NA;NA;NA;NA;NA;NA;NA;NA;NA;NA;NA;NA;NA;NA;NA;NA;NA;NA;NA;NA;NA;NA;NA;NA;NA;NA;NA;NA;NA;NA;NA;NA;NA;NA;NA;NA;NA;NA;NA;NA;NA;47,464;308,515;309,046;16;1;1;2;NA;NA;NA;41;35;7;79;9,229;91,477;92,192;9;1;1;2;NA;NA;NA;34;14;4;74;6,807;78,256;79,244;14;NA;NA;NA;1;1;2;24;23;7;87;5;5;4;NA;NA;NA;NA;NA;NA;NA;NA;NA;NA;NA;NA;NA;NA;NA;NA;NA;NA;NA;NA;NA;NA;NA;NA;NA;NA;NA;NA;NA;NA;NA;NA;NA;0,869;5,23;5,701;5;4;1;2;3;4;5;6;2,364;14,795;16,103;8;4;1;2;3;4;5;6;0,832;4,371;4,953;4;4;1;2;3;4;5;6;2;2;6;98;"";4;1;1;"";"easy";"s";"s";"ns";NA;NA;NA;1;2;3;NA;NA;NA;2;1;3;NA;NA;"IDK & Other";0,5;0;0,5;6;1;2,66666666666667;1;1;1;1;1;0;1;1;1;0,888888888888889;1;1;1;4,66666666666667;1;1;1;0,342105263157895;1;0,166666666666667;0;0,5;0,333333333333333;0,132309941520468;0,236111111111111;-0,222222222222222;-0,228571428571429;-0,0277777777777778;0,21141975308642;0,481481481481482
"13";26;3111;2024-03-08 19:51:25;NA;1;22;0;3;"15";89;90;60;37;52;10;20;67;39;36;21;39;4;"Kot";100;20;500;10;0,01;1;10;4;50;10;5;1;3;3;7;7;1;1;3;5;7;10,149;105,456;106,571;17;0;2;1;NA;NA;NA;76;75;76;18;12,82;197,279;198,178;16;NA;NA;NA;1;2;1;79;80;64;15;7,746;85,853;86,853;14;1;2;1;NA;NA;NA;75;73;62;18;NA;NA;NA;NA;NA;NA;NA;NA;NA;NA;NA;NA;NA;NA;NA;NA;NA;NA;NA;NA;NA;NA;NA;NA;NA;NA;NA;NA;NA;NA;NA;NA;NA;NA;NA;NA;NA;NA;NA;NA;NA;NA;5;5;5;NA;NA;NA;NA;NA;NA;NA;NA;NA;NA;NA;NA;NA;NA;NA;NA;NA;NA;NA;NA;NA;NA;8,653;76,745;77,529;23;3;6;5;4;3;2;1;NA;NA;NA;NA;NA;NA;NA;NA;NA;NA;NA;NA;NA;NA;NA;NA;NA;NA;NA;NA;NA;NA;NA;NA;NA;NA;NA;NA;NA;NA;NA;NA;NA;3;1;NA;1;"";2;1;1;"";"hard";"s";"ns";"s";3;1;2;NA;NA;NA;NA;NA;1;NA;NA;NA;0;0;"1. Left";0;0;0,5;3;1;1,66666666666667;1;1;1;1;0;0;1;0;0;0,555555555555556;1;0,333333333333333;1;5;1;1;1;0,0789473684210526;0,5;0;0;0,5;0;-0,130847953216374;-0,263888888888889;-0,388888888888889;-0,228571428571429;-0,0277777777777778;-0,121913580246914;-0,185185185185185
"14";27;1506;2024-03-08 22:26:58;NA;1;32;0;4;"15";0;79;0;49;100;69;0;51;0;100;0;0;4;"kot";100;25;500;10;0,1;9;19;4;25;27;5;1;4;1;5;5;7;6;6;1;1;NA;NA;NA;NA;NA;NA;NA;NA;NA;NA;NA;NA;NA;NA;NA;NA;NA;NA;NA;NA;NA;NA;NA;NA;NA;NA;NA;NA;NA;NA;NA;NA;NA;NA;NA;NA;NA;NA;NA;NA;NA;NA;3,78;83,832;162,478;11;NA;NA;NA;1;2;1;70;70;81;90;2,269;127,816;129,621;6;1;2;1;NA;NA;NA;60;50;60;87;1,252;60,177;61,191;2;NA;NA;NA;0;2;1;56;40;27;91;1;5;4;NA;NA;NA;NA;NA;NA;NA;NA;NA;NA;NA;NA;NA;NA;NA;NA;NA;NA;NA;NA;NA;NA;NA;NA;NA;NA;NA;NA;NA;NA;NA;NA;NA;1,634;37,142;37,167;6;3;6;5;4;3;2;1;3,527;39,122;41,328;10;5;6;5;4;3;2;1;6,684;14,913;15,959;4;0;6;5;4;3;2;1;3;6;6;5;"";4;1;1;"";"easy";"ns";"s";"ns";NA;NA;NA;1;2;3;NA;NA;NA;2;1;3;1;1;"5. Conf. Liberty & Ind.";1;1;1;7;7;6,66666666666667;1;0;1;1;1;1;1;1;1;0,888888888888889;1;1;1;3,33333333333333;1;1;1;0,342105263157895;1;0,833333333333333;1;1;1;0,132309941520468;0,236111111111111;0,444444444444444;0,771428571428571;0,472222222222222;0,21141975308642;0,481481481481482
"15";29;1258;2024-03-08 23:19:25;NA;1;35;0;4;"15";90;89;83;18;57;27;27;74;11;90;4;28;4;"Kot";100;20;500;10;0,1;11;100;8;50;21;5;1;5;2;4;6;1;1;4;5;7;9,67;216,376;218,54;13;1;1;2;NA;NA;NA;55;27;35;66;4,404;91,494;92,937;7;NA;NA;NA;1;1;2;40;30;15;69;6,37;81,667;82,943;13;NA;NA;NA;1;1;2;19;20;10;88;NA;NA;NA;NA;NA;NA;NA;NA;NA;NA;NA;NA;NA;NA;NA;NA;NA;NA;NA;NA;NA;NA;NA;NA;NA;NA;NA;NA;NA;NA;NA;NA;NA;NA;NA;NA;NA;NA;NA;NA;NA;NA;4;5;4;NA;NA;NA;NA;NA;NA;NA;NA;NA;NA;NA;6,157;63,952;66,245;10;3;1;2;3;4;5;6;NA;NA;NA;NA;NA;NA;NA;NA;NA;NA;NA;NA;NA;NA;NA;NA;NA;NA;NA;NA;NA;NA;NA;NA;NA;NA;NA;NA;NA;NA;NA;NA;NA;NA;NA;NA;NA;NA;NA;NA;NA;NA;NA;NA;3;1;4;1;"";4;1;1;"";"hard";"s";"ns";"ns";2;1;3;NA;NA;NA;NA;1;NA;NA;NA;NA;0;0;"1. Left";0;0;0,5;3;1;1,66666666666667;1;1;1;1;1;0;0;0;0;0,555555555555556;1;0;0;4,33333333333333;1;1;1;0,421052631578947;1;0;0;0,5;0;0,21125730994152;0,236111111111111;-0,388888888888889;-0,228571428571429;-0,0277777777777778;-0,121913580246914;-0,518518518518518
"16";30;1222;2024-03-08 23:23:42;NA;1;22;0;4;"15";86;65;63;31;44;61;43;65;34;37;28;63;4;"Kot";100;20;500;10;0,1;10;100;3;50;8;5;1;4;2;4;6;3;3;4;3;7;3,029;134,679;136,119;17;0;1;2;NA;NA;NA;66;58;41;40;1,953;75,793;76,347;11;NA;NA;NA;1;1;2;43;53;32;42;6,896;95,976;112,188;9;NA;NA;NA;0;1;2;43;56;30;35;NA;NA;NA;NA;NA;NA;NA;NA;NA;NA;NA;NA;NA;NA;NA;NA;NA;NA;NA;NA;NA;NA;NA;NA;NA;NA;NA;NA;NA;NA;NA;NA;NA;NA;NA;NA;NA;NA;NA;NA;NA;NA;5;5;4;1,959;90,228;93,417;16;4;1;2;3;4;5;6;NA;NA;NA;NA;NA;NA;NA;NA;NA;NA;NA;NA;NA;NA;NA;NA;NA;NA;NA;NA;NA;NA;NA;NA;NA;NA;NA;NA;NA;NA;NA;NA;NA;NA;NA;NA;NA;NA;NA;NA;NA;NA;NA;NA;NA;NA;NA;NA;NA;NA;NA;NA;NA;NA;NA;3;3;4;4;"";2;1;1;"";"hard";"s";"ns";"ns";3;2;1;NA;NA;NA;1;NA;NA;NA;NA;NA;0;1;"4. Law & Justice";0,5;0,5;0,5;5;1;3;1;1;1;1;1;0;0;0;0;0,555555555555556;1;0;0;4,66666666666667;1;1;1;0,0789473684210526;1;0,333333333333333;0,5;0,5;0,333333333333333;-0,130847953216374;0,236111111111111;-0,0555555555555556;0,271428571428571;-0,0277777777777778;-0,121913580246914;-0,518518518518518
"17";31;1470;2024-03-08 23:26:45;NA;1;21;0;3;"15";74;76;58;35;91;97;37;60;11;87;16;26;4;"Kot";100;20;500;10;0,1;9;19;4;50;27;3;1;3;5;4;3;2;2;2;6;7;NA;NA;NA;NA;NA;NA;NA;NA;NA;NA;NA;NA;NA;NA;NA;NA;NA;NA;NA;NA;NA;NA;NA;NA;NA;NA;NA;NA;NA;NA;NA;NA;NA;NA;NA;NA;NA;NA;NA;NA;NA;NA;14,769;174,723;211,123;13;NA;NA;NA;1;1;2;69;63;58;32;2,493;98,623;99,682;7;1;1;2;NA;NA;NA;39;41;27;80;2,755;146,669;149,5;10;0;1;2;NA;NA;NA;36;38;27;80;4;3;2;NA;NA;NA;NA;NA;NA;NA;NA;NA;NA;NA;NA;NA;NA;NA;NA;NA;NA;NA;NA;NA;NA;NA;NA;NA;NA;NA;NA;NA;NA;NA;NA;NA;11,083;90,937;92,228;13;4;1;2;3;4;5;6;1,738;107,65;108,152;11;0;1;2;3;4;5;6;2,743;69,7;70,277;6;5;1;2;3;4;5;6;0;1;3;1;"";2;1;1;"";"easy";"ns";"s";"s";NA;NA;NA;1;3;2;NA;NA;NA;1;2;3;0;0;"1. Left";0;0;0;2;1;1,66666666666667;1;1;1;1;1;1;1;0;1;0,888888888888889;1;0,666666666666667;1;3;1;1;1;0,0526315789473684;0,5;0;0;0;0,166666666666667;-0,157163742690058;-0,263888888888889;-0,388888888888889;-0,228571428571429;-0,527777777777778;0,21141975308642;0,148148148148148
"18";33;1175;2024-03-08 23:46:24;NA;1;32;0;4;"15";81;59;60;62;31;72;80;73;35;70;41;71;4;"kot";100;20;500;10;0,1;9;100;9;50;14;5;1;4;4;6;6;NA;NA;2;2;7;20,652;108,657;109,27;14;0;2;1;NA;NA;NA;74;42;0;80;15,202;51,941;52,526;9;0;2;1;NA;NA;NA;9;35;0;88;4,782;76,709;79,314;7;1;2;1;NA;NA;NA;60;62;0;62;NA;NA;NA;NA;NA;NA;NA;NA;NA;NA;NA;NA;NA;NA;NA;NA;NA;NA;NA;NA;NA;NA;NA;NA;NA;NA;NA;NA;NA;NA;NA;NA;NA;NA;NA;NA;NA;NA;NA;NA;NA;NA;5;5;4;NA;NA;NA;NA;NA;NA;NA;NA;NA;NA;NA;NA;NA;NA;NA;NA;NA;NA;NA;NA;NA;NA;17,668;62,922;64,836;18;4;6;5;4;3;2;1;NA;NA;NA;NA;NA;NA;NA;NA;NA;NA;NA;NA;NA;NA;NA;NA;NA;NA;NA;NA;NA;NA;NA;NA;NA;NA;NA;NA;NA;NA;NA;NA;NA;3;3;7;1;"";4;1;1;"robiac ankiete na telefonie czasem ciezko kliknac w niebieska strzalka zeby przejsc dalej, ankieta przeskakuje w gore";"hard";"s";"s";"s";1;2;3;NA;NA;NA;NA;NA;1;NA;NA;NA;0;0;"1. Left";NA;NA;0;6;1;3,5;1;1;1;1;1;0;0;0;0;0,555555555555556;1;0;0;4,66666666666667;1;1;1;0,342105263157895;1;0,333333333333333;NA;0;NA;0,132309941520468;0,236111111111111;-0,0555555555555556;NA;-0,527777777777778;-0,121913580246914;-0,518518518518518
"19";34;1418;2024-03-08 23:51:47;NA;1;23;0;3;"15";73;66;64;62;7;80;59;46;50;49;27;78;4;"kot";100;20;1000;1;1;10;100;3;50;2;4;1;3;1;3;4;NA;4;4;1;1;NA;NA;NA;NA;NA;NA;NA;NA;NA;NA;NA;NA;NA;NA;NA;NA;NA;NA;NA;NA;NA;NA;NA;NA;NA;NA;NA;NA;NA;NA;NA;NA;NA;NA;NA;NA;NA;NA;NA;NA;NA;NA;11,251;89,072;123,5;7;NA;NA;NA;0;2;1;67;64;65;16;4,986;24,957;33,824;5;NA;NA;NA;1;2;1;21;19;70;54;4,558;96,267;97,231;9;NA;NA;NA;0;2;1;48;58;58;46;6;5;5;NA;NA;NA;NA;NA;NA;NA;NA;NA;NA;NA;NA;NA;NA;NA;NA;NA;NA;NA;NA;NA;NA;NA;NA;NA;NA;NA;NA;NA;NA;NA;NA;NA;7,021;19,23;19,745;5;4;6;5;4;3;2;1;9,109;31,132;32,029;5;2;6;5;4;3;2;1;4,849;12,746;13,2;5;3;6;5;4;3;2;1;3;6;6;4;"";2;1;1;"";"easy";"ns";"ns";"ns";NA;NA;NA;1;3;2;NA;NA;NA;2;1;3;0;1;"4. Law & Justice";NA;0,5;0,5;7;7;6;1;1;0;0;0;0;0;0;0;0,222222222222222;1;0;0;5,33333333333333;1;1;1;0,105263157894737;0,5;0,833333333333333;0,5;0,5;NA;-0,10453216374269;-0,263888888888889;0,444444444444444;0,271428571428571;-0,0277777777777778;-0,455246913580247;-0,518518518518518
"20";35;1820;2024-03-08 23:55:56;NA;1;21;0;3;"15";91;82;100;65;62;36;56;63;59;12;51;53;4;"kot";100;20;500;10;1;9;10;9;0,25;14;5;1;2;3;5;6;2;1;2;4;7;3,241;20,1;24,74;12;1;2;1;NA;NA;NA;65;71;35;35;2,555;72,768;74,698;15;NA;NA;NA;0;2;1;73;57;12;59;4,465;93,044;96,177;16;NA;NA;NA;1;2;1;73;45;18;40;NA;NA;NA;NA;NA;NA;NA;NA;NA;NA;NA;NA;NA;NA;NA;NA;NA;NA;NA;NA;NA;NA;NA;NA;NA;NA;NA;NA;NA;NA;NA;NA;NA;NA;NA;NA;NA;NA;NA;NA;NA;NA;4;4;2;2,823;21,608;22,261;12;5;6;5;4;3;2;1;NA;NA;NA;NA;NA;NA;NA;NA;NA;NA;NA;NA;NA;NA;NA;NA;NA;NA;NA;NA;NA;NA;NA;NA;NA;NA;NA;NA;NA;NA;NA;NA;NA;NA;NA;NA;NA;NA;NA;NA;NA;NA;NA;NA;NA;NA;NA;NA;NA;NA;NA;NA;NA;NA;NA;1;1;3;1;"";4;1;1;"";"hard";"s";"ns";"ns";3;1;2;NA;NA;NA;1;NA;NA;NA;NA;NA;0;0;"1. Left";0;0;0;4;1;2;1;1;1;1;0;0;0;0;0;0,444444444444444;1;0;0;3,33333333333333;1;1;1;0,0526315789473684;0,5;0;0;0;0,166666666666667;-0,157163742690058;-0,263888888888889;-0,388888888888889;-0,228571428571429;-0,527777777777778;-0,233024691358025;-0,518518518518518
"21";37;583;2024-03-09 00:07:23;NA;1;30;0;4;"15";80;69;100;79;100;79;28;60;49;28;18;80;4;"Kot";100;20;500;10;0,1;9;10;9;0,5;14;7;1;5;1;5;6;3;3;5;1;7;NA;NA;NA;NA;NA;NA;NA;NA;NA;NA;NA;NA;NA;NA;NA;NA;NA;NA;NA;NA;NA;NA;NA;NA;NA;NA;NA;NA;NA;NA;NA;NA;NA;NA;NA;NA;NA;NA;NA;NA;NA;NA;0,695;12,167;12,643;4;0;2;1;NA;NA;NA;28;29;0;70;1,897;16,603;17,256;5;1;2;1;NA;NA;NA;18;17;0;79;2,136;40,302;41,355;7;NA;NA;NA;0;2;1;29;29;0;69;5;5;5;NA;NA;NA;NA;NA;NA;NA;NA;NA;NA;NA;NA;NA;NA;NA;NA;NA;NA;NA;NA;NA;NA;NA;NA;NA;NA;NA;NA;NA;NA;NA;NA;NA;2,761;24,073;24,835;8;4;6;5;4;3;2;1;1,359;13,823;14,62;5;1;6;5;4;3;2;1;7,688;41,514;42,36;16;4;6;5;4;3;2;1;3;7;7;2;"";2;1;1;"";"easy";"s";"s";"ns";NA;NA;NA;3;2;1;NA;NA;NA;2;3;1;1;0;"2. The Civic Coalition";0,5;0,5;0,5;7;1;3,66666666666667;1;1;1;1;1;0;0;0;0;0,555555555555556;1;0;0;5;1;1;1;0,289473684210526;1;1;0,5;0,5;0,333333333333333;0,0796783625730994;0,236111111111111;0,611111111111111;0,271428571428571;-0,0277777777777778;-0,121913580246914;-0,518518518518518
"22";38;1347;2024-03-09 00:15:43;NA;1;57;1;2;"15";100;100;90;15;18;96;98;12;78;80;52;52;4;"kot";100;20;500;10;0,1;1;10;4;50;27;7;1;6;1;7;7;3;5;2;4;5;34,297;157,5;158,355;9;NA;NA;NA;0;2;1;52;52;65;91;38,656;82,001;94,19;6;NA;NA;NA;1;2;1;32;32;30;100;20,865;160,283;161,101;10;1;2;1;NA;NA;NA;74;71;80;100;NA;NA;NA;NA;NA;NA;NA;NA;NA;NA;NA;NA;NA;NA;NA;NA;NA;NA;NA;NA;NA;NA;NA;NA;NA;NA;NA;NA;NA;NA;NA;NA;NA;NA;NA;NA;NA;NA;NA;NA;NA;NA;5;6;6;NA;NA;NA;NA;NA;NA;NA;NA;NA;NA;NA;32,672;44,352;45,201;4;5;6;5;4;3;2;1;NA;NA;NA;NA;NA;NA;NA;NA;NA;NA;NA;NA;NA;NA;NA;NA;NA;NA;NA;NA;NA;NA;NA;NA;NA;NA;NA;NA;NA;NA;NA;NA;NA;NA;NA;NA;NA;NA;NA;NA;NA;NA;NA;NA;0;7;3;2;"";3;1;1;"Nie";"hard";"ns";"ns";"s";2;3;1;NA;NA;NA;NA;1;NA;NA;NA;NA;1;0;"2. The Civic Coalition";0,5;0,5;0;4;3;4;1;1;1;1;1;0;1;0;1;0,777777777777778;1;0,666666666666667;1;5,66666666666667;1;1;1;1;0;1;0,5;0;0,333333333333333;0,790204678362573;-0,763888888888889;0,611111111111111;0,271428571428571;-0,527777777777778;0,100308641975309;0,148148148148148
"23";40;1288;2024-03-09 00:20:51;NA;1;32;0;4;"15";70;60;49;30;71;59;59;46;35;36;52;63;4;"kot";100;20;500;10;1;10;9;3;25;27;1;1;1;1;3;4;4;5;5;2;5;124,162;132,449;134,032;2;1;2;1;NA;NA;NA;53;52;20;54;99,028;158,075;159,544;4;NA;NA;NA;1;2;1;61;56;33;39;77,055;77,055;88,763;1;1;2;1;NA;NA;NA;55;58;42;38;NA;NA;NA;NA;NA;NA;NA;NA;NA;NA;NA;NA;NA;NA;NA;NA;NA;NA;NA;NA;NA;NA;NA;NA;NA;NA;NA;NA;NA;NA;NA;NA;NA;NA;NA;NA;NA;NA;NA;NA;NA;NA;6;5;5;42,031;42,031;43,71;1;5;6;5;4;3;2;1;NA;NA;NA;NA;NA;NA;NA;NA;NA;NA;NA;NA;NA;NA;NA;NA;NA;NA;NA;NA;NA;NA;NA;NA;NA;NA;NA;NA;NA;NA;NA;NA;NA;NA;NA;NA;NA;NA;NA;NA;NA;NA;NA;NA;NA;NA;NA;NA;NA;NA;NA;NA;NA;NA;NA;3;5;6;4;"";4;1;1;"";"hard";"s";"ns";"s";1;2;3;NA;NA;NA;1;NA;NA;NA;NA;NA;0;1;"4. Law & Justice";0,5;0,5;0,5;6;3;4,66666666666667;1;1;1;1;0;0;0;1;1;0,666666666666667;1;0,666666666666667;1;5,33333333333333;1;1;1;0,342105263157895;1;0,666666666666667;0,5;0,5;0,5;0,132309941520468;0,236111111111111;0,277777777777778;0,271428571428571;-0,0277777777777778;-0,0108024691358025;0,148148148148148
"24";41;614;2024-03-09 00:30:06;NA;1;22;0;4;"15";29;61;40;50;19;71;61;19;50;50;40;81;4;"kot";100;20;500;10;10;80;100;9;50;7;6;1;6;1;7;3;6;6;5;1;1;42,946;42,946;43,997;1;NA;NA;NA;0;2;1;22;20;61;71;29,524;29,524;30,344;1;NA;NA;NA;1;2;1;40;50;51;50;29,733;29,733;31,336;1;NA;NA;NA;0;2;1;20;30;50;61;NA;NA;NA;NA;NA;NA;NA;NA;NA;NA;NA;NA;NA;NA;NA;NA;NA;NA;NA;NA;NA;NA;NA;NA;NA;NA;NA;NA;NA;NA;NA;NA;NA;NA;NA;NA;NA;NA;NA;NA;NA;NA;5;5;4;18,108;18,108;19,18;1;5;6;5;4;3;2;1;NA;NA;NA;NA;NA;NA;NA;NA;NA;NA;NA;NA;NA;NA;NA;NA;NA;NA;NA;NA;NA;NA;NA;NA;NA;NA;NA;NA;NA;NA;NA;NA;NA;NA;NA;NA;NA;NA;NA;NA;NA;NA;NA;NA;NA;NA;NA;NA;NA;NA;NA;NA;NA;NA;NA;3;7;NA;7;"";0;1;1;"nie mam";"hard";"ns";"ns";"ns";1;3;2;NA;NA;NA;1;NA;NA;NA;NA;NA;NA;NA;NA;1;1;0,5;7;7;6,66666666666667;1;1;1;1;0;0;0;0;0;0,444444444444444;1;0;0;4,66666666666667;1;1;1;0,0789473684210526;1;1;1;0,5;0,833333333333333;-0,130847953216374;0,236111111111111;0,611111111111111;0,771428571428571;-0,0277777777777778;-0,233024691358025;-0,518518518518518
"25";42;1219;2024-03-09 00:31:12;NA;1;25;0;4;"15";70;90;29;70;90;91;80;61;0;100;38;0;4;"kot";100;20;50;10;0,1;9;100;9;50;27;3;1;3;2;4;5;2;3;4;2;5;NA;NA;NA;NA;NA;NA;NA;NA;NA;NA;NA;NA;NA;NA;NA;NA;NA;NA;NA;NA;NA;NA;NA;NA;NA;NA;NA;NA;NA;NA;NA;NA;NA;NA;NA;NA;NA;NA;NA;NA;NA;NA;8,922;66,773;67,3;11;NA;NA;NA;1;1;2;76;80;100;19;11,668;117,475;118,185;11;1;1;2;NA;NA;NA;90;100;90;19;5,845;88,8;89,9;13;NA;NA;NA;0;1;2;77;69;79;60;4;4;4;NA;NA;NA;NA;NA;NA;NA;NA;NA;NA;NA;NA;NA;NA;NA;NA;NA;NA;NA;NA;NA;NA;NA;NA;NA;NA;NA;NA;NA;NA;NA;NA;NA;5,54;45,418;46,045;9;3;1;2;3;4;5;6;6,935;10,238;10,844;4;3;1;2;3;4;5;6;4,635;13,841;14,846;5;3;1;2;3;4;5;6;0;2;5;4;"";2;1;1;"Wkurwia³y mnie niesamowici te zadania pod koniec";"easy";"ns";"s";"ns";NA;NA;NA;3;2;1;NA;NA;NA;1;3;2;0;1;"4. Law & Justice";0;0,5;0,5;6;3;4;1;1;0;1;1;0;0;0;1;0,555555555555556;1;0,333333333333333;1;4;1;1;1;0,157894736842105;1;0,166666666666667;0,5;0,5;0,166666666666667;-0,0519005847953216;0,236111111111111;-0,222222222222222;0,271428571428571;-0,0277777777777778;-0,121913580246914;-0,185185185185185
"26";44;1233;2024-03-09 00:55:41;NA;1;24;1;4;"15";59;61;33;24;39;69;59;60;29;28;33;71;4;"Kot";100;20;500;10;0,1;1;10;4;25;27;4;1;4;2;5;5;5;4;5;1;2;3,388;46,001;46,601;4;1;1;2;NA;NA;NA;38;36;35;68;5,066;35,501;43,174;4;NA;NA;NA;0;1;2;21;32;21;75;3,291;171,478;191,406;23;1;1;2;NA;NA;NA;68;67;63;26;NA;NA;NA;NA;NA;NA;NA;NA;NA;NA;NA;NA;NA;NA;NA;NA;NA;NA;NA;NA;NA;NA;NA;NA;NA;NA;NA;NA;NA;NA;NA;NA;NA;NA;NA;NA;NA;NA;NA;NA;NA;NA;4;4;4;23,443;31,477;32,085;5;4;1;2;3;4;5;6;NA;NA;NA;NA;NA;NA;NA;NA;NA;NA;NA;NA;NA;NA;NA;NA;NA;NA;NA;NA;NA;NA;NA;NA;NA;NA;NA;NA;NA;NA;NA;NA;NA;NA;NA;NA;NA;NA;NA;NA;NA;NA;NA;NA;NA;NA;NA;NA;NA;NA;NA;NA;NA;NA;NA;0;5;5;7;"";3;1;1;"";"hard";"s";"ns";"s";3;2;1;NA;NA;NA;1;NA;NA;NA;NA;NA;NA;NA;NA;0,5;0,5;0,5;7;6;5,66666666666667;1;1;1;1;1;0;1;1;1;0,888888888888889;1;1;1;4;1;1;1;0,131578947368421;1;0,666666666666667;0,5;0,5;0,666666666666667;-0,0782163742690059;0,236111111111111;0,277777777777778;0,271428571428571;-0,0277777777777778;0,21141975308642;0,481481481481482
"27";45;733;2024-03-09 01:03:53;NA;1;20;1;3;"15";89;100;78;6;50;52;26;69;27;70;28;52;4;"Kot";100;20;500;10;0,1;0,9;100;4;0,25;27;7;1;5;4;6;7;2;4;2;6;7;NA;NA;NA;NA;NA;NA;NA;NA;NA;NA;NA;NA;NA;NA;NA;NA;NA;NA;NA;NA;NA;NA;NA;NA;NA;NA;NA;NA;NA;NA;NA;NA;NA;NA;NA;NA;NA;NA;NA;NA;NA;NA;9,635;53,679;54,845;6;NA;NA;NA;1;2;1;28;37;41;69;1,536;65,347;66,712;3;1;2;1;NA;NA;NA;39;72;39;74;1,007;25,223;28,929;3;NA;NA;NA;1;2;1;67;19;36;44;5;5;6;NA;NA;NA;NA;NA;NA;NA;NA;NA;NA;NA;NA;NA;NA;NA;NA;NA;NA;NA;NA;NA;NA;NA;NA;NA;NA;NA;NA;NA;NA;NA;NA;NA;7,806;16,874;19,937;5;5;6;5;4;3;2;1;4,38;7,033;8,478;4;5;6;5;4;3;2;1;2,118;27,864;28,577;9;4;6;5;4;3;2;1;3;2;3;97;"Nowa Lewica (osoby z partii Razem)";4;1;1;"";"easy";"ns";"s";"ns";NA;NA;NA;1;2;3;NA;NA;NA;2;3;1;NA;NA;"IDK & Other";0;0,5;0;2;1;2,33333333333333;1;1;1;1;1;0;1;0;1;0,777777777777778;1;0,666666666666667;1;5,33333333333333;1;1;1;0,0263157894736842;0,5;0,166666666666667;0,5;0;0,166666666666667;-0,183479532163743;-0,263888888888889;-0,222222222222222;0,271428571428571;-0,527777777777778;0,100308641975309;0,148148148148148
"28";48;2104;2024-03-09 01:26:54;NA;1;23;0;3;"15";79;80;87;70;18;73;81;61;24;29;37;80;4;"kot";100;20;500;10;0,1;9;19;4;450;27;5;1;4;5;5;6;3;2;3;3;7;4,865;266,05;270,306;74;1;2;1;NA;NA;NA;69;65;69;37;8,309;76,902;78,645;15;NA;NA;NA;1;2;1;64;68;37;24;2,039;284,082;285,838;70;1;2;1;NA;NA;NA;78;80;91;24;NA;NA;NA;NA;NA;NA;NA;NA;NA;NA;NA;NA;NA;NA;NA;NA;NA;NA;NA;NA;NA;NA;NA;NA;NA;NA;NA;NA;NA;NA;NA;NA;NA;NA;NA;NA;NA;NA;NA;NA;NA;NA;4;4;3;NA;NA;NA;NA;NA;NA;NA;NA;NA;NA;NA;2,669;80,994;82,115;28;3;6;5;4;3;2;1;NA;NA;NA;NA;NA;NA;NA;NA;NA;NA;NA;NA;NA;NA;NA;NA;NA;NA;NA;NA;NA;NA;NA;NA;NA;NA;NA;NA;NA;NA;NA;NA;NA;NA;NA;NA;NA;NA;NA;NA;NA;NA;NA;NA;3;1;7;1;"";3;1;1;"";"hard";"s";"ns";"s";1;3;2;NA;NA;NA;NA;1;NA;NA;NA;NA;0;0;"1. Left";0,5;0;0,5;5;1;2,66666666666667;1;1;1;1;1;1;1;0;1;0,888888888888889;1;0,666666666666667;1;3,66666666666667;1;1;1;0,105263157894737;0,5;0;0;0,5;0,333333333333333;-0,10453216374269;-0,263888888888889;-0,388888888888889;-0,228571428571429;-0,0277777777777778;0,21141975308642;0,148148148148148
"29";51;879;2024-03-09 01:41:42;NA;1;35;0;4;"15";71;77;65;13;30;100;69;22;5;98;9;1;4;"Kot";100;20;500;10;0,1;1;10;4;25;27;6;1;4;4;5;5;3;1;3;1;7;2,193;79,733;80,2;15;NA;NA;NA;1;1;2;34;40;5;52;2,382;24,101;24,732;3;0;1;2;NA;NA;NA;35;37;3;75;0,687;62,885;63,451;4;1;1;2;NA;NA;NA;41;62;15;67;NA;NA;NA;NA;NA;NA;NA;NA;NA;NA;NA;NA;NA;NA;NA;NA;NA;NA;NA;NA;NA;NA;NA;NA;NA;NA;NA;NA;NA;NA;NA;NA;NA;NA;NA;NA;NA;NA;NA;NA;NA;NA;5;6;4;3,893;21,885;22,356;6;4;1;2;3;4;5;6;NA;NA;NA;NA;NA;NA;NA;NA;NA;NA;NA;NA;NA;NA;NA;NA;NA;NA;NA;NA;NA;NA;NA;NA;NA;NA;NA;NA;NA;NA;NA;NA;NA;NA;NA;NA;NA;NA;NA;NA;NA;NA;NA;NA;NA;NA;NA;NA;NA;NA;NA;NA;NA;NA;NA;3;1;5;2;"";4;1;1;"";"hard";"ns";"s";"s";1;2;3;NA;NA;NA;1;NA;NA;NA;NA;NA;1;0;"2. The Civic Coalition";0,5;0;0,5;7;1;3;1;1;1;1;1;0;1;1;1;0,888888888888889;1;1;1;5;1;1;1;0,421052631578947;1;0;0;0,5;0,333333333333333;0,21125730994152;0,236111111111111;-0,388888888888889;-0,228571428571429;-0,0277777777777778;0,21141975308642;0,481481481481482
"30";53;1201;2024-03-09 01:48:26;NA;1;20;0;3;"15";81;81;91;19;30;68;79;20;61;61;51;39;4;"Kot";100;20;500;10;0,1;1;100;2;50;7;3;1;3;2;2;6;3;2;5;2;6;NA;NA;NA;NA;NA;NA;NA;NA;NA;NA;NA;NA;NA;NA;NA;NA;NA;NA;NA;NA;NA;NA;NA;NA;NA;NA;NA;NA;NA;NA;NA;NA;NA;NA;NA;NA;NA;NA;NA;NA;NA;NA;3,247;86,753;91,04;22;1;2;1;NA;NA;NA;61;27;29;69;3,765;87,125;87,911;20;NA;NA;NA;1;2;1;65;37;28;29;2,887;112,877;113,43;28;NA;NA;NA;1;2;1;66;42;39;18;5;5;3;NA;NA;NA;NA;NA;NA;NA;NA;NA;NA;NA;NA;NA;NA;NA;NA;NA;NA;NA;NA;NA;NA;NA;NA;NA;NA;NA;NA;NA;NA;NA;NA;NA;6,867;28,232;28,569;21;4;6;5;4;3;2;1;0,881;15,427;15,85;9;4;6;5;4;3;2;1;2,269;14,967;15,584;11;4;6;5;4;3;2;1;2;5;4;98;"";4;1;1;"";"easy";"s";"ns";"ns";NA;NA;NA;3;1;2;NA;NA;NA;3;2;1;NA;NA;"IDK & Other";0,5;0;0,5;6;2;3,33333333333333;1;1;1;1;1;0;0;0;0;0,555555555555556;1;0;0;4,33333333333333;1;1;1;0,0263157894736842;0,5;0,666666666666667;0;0,5;0,333333333333333;-0,183479532163743;-0,263888888888889;0,277777777777778;-0,228571428571429;-0,0277777777777778;-0,121913580246914;-0,518518518518518
"31";54;1592;2024-03-09 01:53:02;NA;1;20;0;3;"15";81;68;49;29;39;9;19;31;8;88;19;18;4;"kot";100;20;500;10;0,1;90;361;4;25;27;3;1;2;1;2;6;2;1;5;5;7;1,267;39,701;51,552;8;0;2;1;NA;NA;NA;28;27;100;7;3,103;42,701;43,602;9;0;2;1;NA;NA;NA;6;18;100;0;4,334;102,267;119,33;8;0;2;1;NA;NA;NA;6;18;100;0;NA;NA;NA;NA;NA;NA;NA;NA;NA;NA;NA;NA;NA;NA;NA;NA;NA;NA;NA;NA;NA;NA;NA;NA;NA;NA;NA;NA;NA;NA;NA;NA;NA;NA;NA;NA;NA;NA;NA;NA;NA;NA;2;4;2;10,968;49,397;49,951;10;1;6;5;4;3;2;1;NA;NA;NA;NA;NA;NA;NA;NA;NA;NA;NA;NA;NA;NA;NA;NA;NA;NA;NA;NA;NA;NA;NA;NA;NA;NA;NA;NA;NA;NA;NA;NA;NA;NA;NA;NA;NA;NA;NA;NA;NA;NA;NA;NA;NA;NA;NA;NA;NA;NA;NA;NA;NA;NA;NA;3;1;7;99;"";3;1;1;"";"hard";"s";"s";"s";3;2;1;NA;NA;NA;1;NA;NA;NA;NA;NA;NA;NA;"IDK & Other";0;0;0,5;3;1;1,66666666666667;1;1;1;1;1;0;1;1;1;0,888888888888889;1;1;1;2,66666666666667;1;1;1;0,0263157894736842;0,5;0;0;0,5;0,166666666666667;-0,183479532163743;-0,263888888888889;-0,388888888888889;-0,228571428571429;-0,0277777777777778;0,21141975308642;0,481481481481482
"32";56;703;2024-03-09 02:08:37;NA;1;21;0;3;"15";68;80;38;69;68;39;70;38;74;33;64;86;4;"Kot";100;20;500;10;0,01;1;9;5;50;7;3;1;2;1;2;5;6;2;3;5;7;NA;NA;NA;NA;NA;NA;NA;NA;NA;NA;NA;NA;NA;NA;NA;NA;NA;NA;NA;NA;NA;NA;NA;NA;NA;NA;NA;NA;NA;NA;NA;NA;NA;NA;NA;NA;NA;NA;NA;NA;NA;NA;4,837;37,848;38,374;11;NA;NA;NA;1;1;2;63;66;33;34;3,507;27,352;27,761;9;1;1;2;NA;NA;NA;35;66;25;61;2,912;43,401;46,123;10;0;1;2;NA;NA;NA;20;22;16;71;5;3;4;NA;NA;NA;NA;NA;NA;NA;NA;NA;NA;NA;NA;NA;NA;NA;NA;NA;NA;NA;NA;NA;NA;NA;NA;NA;NA;NA;NA;NA;NA;NA;NA;NA;3,393;13,188;13,748;9;2;1;2;3;4;5;6;2,122;7,949;8,438;7;5;1;2;3;4;5;6;3,11;8,201;8,745;5;1;1;2;3;4;5;6;3;6;4;98;"";4;1;1;"";"easy";"ns";"s";"s";NA;NA;NA;2;3;1;NA;NA;NA;2;1;3;NA;NA;"IDK & Other";1;0;0,5;3;1;2;1;1;1;1;0;0;0;0;0;0,444444444444444;1;0;0;4;1;1;1;0,0526315789473684;0,5;0,833333333333333;0;0,5;0,833333333333333;-0,157163742690058;-0,263888888888889;0,444444444444444;-0,228571428571429;-0,0277777777777778;-0,233024691358025;-0,518518518518518
"33";57;841;2024-03-09 02:11:22;NA;1;23;0;3;"15";100;100;88;59;100;87;20;37;50;0;0;50;4;"kot";100;20;500;10;0,1;9;10;5;25;27;7;1;5;7;7;7;2;2;2;4;7;1,188;53,575;56,212;5;1;1;2;NA;NA;NA;20;8;5;77;0,828;65,279;66,633;9;NA;NA;NA;1;1;2;7;9;7;77;1,118;31,072;32,257;7;NA;NA;NA;1;1;2;4;0;4;80;NA;NA;NA;NA;NA;NA;NA;NA;NA;NA;NA;NA;NA;NA;NA;NA;NA;NA;NA;NA;NA;NA;NA;NA;NA;NA;NA;NA;NA;NA;NA;NA;NA;NA;NA;NA;NA;NA;NA;NA;NA;NA;5;6;2;5,877;18,058;18,893;4;5;1;2;3;4;5;6;NA;NA;NA;NA;NA;NA;NA;NA;NA;NA;NA;NA;NA;NA;NA;NA;NA;NA;NA;NA;NA;NA;NA;NA;NA;NA;NA;NA;NA;NA;NA;NA;NA;NA;NA;NA;NA;NA;NA;NA;NA;NA;NA;NA;NA;NA;NA;NA;NA;NA;NA;NA;NA;NA;NA;3;2;4;1;"";4;1;1;"";"hard";"s";"ns";"ns";1;3;2;NA;NA;NA;1;NA;NA;NA;NA;NA;0;0;"1. Left";0;0;0;4;1;2,33333333333333;1;1;1;1;1;0;0;1;1;0,777777777777778;1;0,666666666666667;1;4,33333333333333;1;1;1;0,105263157894737;0,5;0,166666666666667;0;0;0,166666666666667;-0,10453216374269;-0,263888888888889;-0,222222222222222;-0,228571428571429;-0,527777777777778;0,100308641975309;0,148148148148148
"34";62;1985;2024-03-09 02:34:31;NA;1;20;0;3;"15";99;78;64;48;51;46;15;60;52;8;6;75;4;"kot";100;20;500;10;0,001;1;10;9;25;20;1;1;1;1;2;6;2;1;3;4;7;NA;NA;NA;NA;NA;NA;NA;NA;NA;NA;NA;NA;NA;NA;NA;NA;NA;NA;NA;NA;NA;NA;NA;NA;NA;NA;NA;NA;NA;NA;NA;NA;NA;NA;NA;NA;NA;NA;NA;NA;NA;NA;1,499;199,188;203,069;26;NA;NA;NA;0;2;1;51;63;49;0;0,989;39,987;44,841;7;NA;NA;NA;1;2;1;63;57;60;0;1,034;98,359;99,375;14;NA;NA;NA;0;2;1;52;49;46;2;3;5;4;NA;NA;NA;NA;NA;NA;NA;NA;NA;NA;NA;NA;NA;NA;NA;NA;NA;NA;NA;NA;NA;NA;NA;NA;NA;NA;NA;NA;NA;NA;NA;NA;NA;2,036;17,194;18,255;4;5;6;5;4;3;2;1;2,892;29,382;34,14;6;5;6;5;4;3;2;1;4,542;30,576;31,42;7;1;6;5;4;3;2;1;1;5;6;98;"";3;1;1;"";"easy";"ns";"ns";"ns";NA;NA;NA;1;2;3;NA;NA;NA;3;1;2;NA;NA;"IDK & Other";0;0;0,5;4;1;2;1;1;1;1;0;0;0;1;0;0,555555555555556;1;0,333333333333333;1;4;1;1;1;0,0263157894736842;0,5;0,666666666666667;0;0,5;0,166666666666667;-0,183479532163743;-0,263888888888889;0,277777777777778;-0,228571428571429;-0,0277777777777778;-0,121913580246914;-0,185185185185185
"35";63;1962;2024-03-09 02:42:07;NA;1;31;0;3;"15";78;38;61;53;19;78;80;18;19;66;17;70;4;"Kot";100;20;500;10;0,1;9;10;4;50;14;3;1;2;1;2;4;4;4;5;3;5;NA;NA;NA;NA;NA;NA;NA;NA;NA;NA;NA;NA;NA;NA;NA;NA;NA;NA;NA;NA;NA;NA;NA;NA;NA;NA;NA;NA;NA;NA;NA;NA;NA;NA;NA;NA;NA;NA;NA;NA;NA;NA;4,449;294,196;295,301;17;NA;NA;NA;0;2;1;76;83;83;19;11,538;177,459;178,18;11;0;2;1;NA;NA;NA;78;76;80;27;7,253;80,202;80,981;13;0;2;1;NA;NA;NA;80;76;18;69;4;4;2;NA;NA;NA;NA;NA;NA;NA;NA;NA;NA;NA;NA;NA;NA;NA;NA;NA;NA;NA;NA;NA;NA;NA;NA;NA;NA;NA;NA;NA;NA;NA;NA;NA;56,14;57,801;58,553;3;3;6;5;4;3;2;1;10,348;100,416;101,113;4;2;6;5;4;3;2;1;27,241;132,604;133,479;13;4;6;5;4;3;2;1;3;3;5;4;"";3;1;1;"";"easy";"ns";"s";"s";NA;NA;NA;3;1;2;NA;NA;NA;2;3;1;0;1;"4. Law & Justice";0,5;0,5;0,5;5;3;4;1;1;1;1;1;0;1;0;0;0,666666666666667;1;0,333333333333333;1;3,33333333333333;1;1;1;0,315789473684211;0,5;0,333333333333333;0,5;0,5;0,5;0,105994152046784;-0,263888888888889;-0,0555555555555556;0,271428571428571;-0,0277777777777778;-0,0108024691358025;-0,185185185185185
"36";66;1316;2024-03-09 02:49:07;NA;1;26;0;4;"15";42;29;68;66;86;78;57;35;8;88;20;29;4;"kot";100;20;500;10;0,1;9;19;4;25;27;5;1;3;5;5;5;4;2;6;3;7;25,996;193,744;202,125;9;NA;NA;NA;1;2;1;37;30;16;55;5,564;45,219;46,275;6;NA;NA;NA;1;2;1;31;35;32;59;6,408;77,444;77,466;12;NA;NA;NA;1;2;1;32;39;25;55;NA;NA;NA;NA;NA;NA;NA;NA;NA;NA;NA;NA;NA;NA;NA;NA;NA;NA;NA;NA;NA;NA;NA;NA;NA;NA;NA;NA;NA;NA;NA;NA;NA;NA;NA;NA;NA;NA;NA;NA;NA;NA;4;5;4;NA;NA;NA;NA;NA;NA;NA;NA;NA;NA;NA;NA;NA;NA;NA;NA;NA;NA;NA;NA;NA;NA;10,743;43,058;43,079;10;2;6;5;4;3;2;1;NA;NA;NA;NA;NA;NA;NA;NA;NA;NA;NA;NA;NA;NA;NA;NA;NA;NA;NA;NA;NA;NA;NA;NA;NA;NA;NA;NA;NA;NA;NA;NA;NA;3;2;4;1;"";4;1;1;"Ska³a w którymœ z ostatnich pytañ by³a Ÿle ponumerowana (1,2,3,4,5,1 zamiast 6 na koñcu)";"hard";"ns";"ns";"ns";1;3;2;NA;NA;NA;NA;NA;1;NA;NA;NA;0;0;"1. Left";0,5;0;1;5;1;2,66666666666667;1;1;1;1;1;1;1;1;1;1;1;1;1;4,33333333333333;1;1;1;0,184210526315789;1;0,166666666666667;0;1;0,5;-0,0255847953216374;0,236111111111111;-0,222222222222222;-0,228571428571429;0,472222222222222;0,322530864197531;0,481481481481482
"37";69;2688;2024-03-09 02:54:22;NA;1;26;0;4;"15";67;69;68;46;40;43;36;37;58;57;56;58;4;"Kot";100;20;500;10;10;1;8;6;50;14;6;1;5;5;7;6;1;1;4;5;7;NA;NA;NA;NA;NA;NA;NA;NA;NA;NA;NA;NA;NA;NA;NA;NA;NA;NA;NA;NA;NA;NA;NA;NA;NA;NA;NA;NA;NA;NA;NA;NA;NA;NA;NA;NA;NA;NA;NA;NA;NA;NA;5,44;147,513;161;11;NA;NA;NA;1;1;2;70;64;66;62;15,699;110,314;113,898;9;1;1;2;NA;NA;NA;49;56;41;66;15,215;66,726;67,636;10;0;1;2;NA;NA;NA;56;60;57;77;5;5;5;NA;NA;NA;NA;NA;NA;NA;NA;NA;NA;NA;NA;NA;NA;NA;NA;NA;NA;NA;NA;NA;NA;NA;NA;NA;NA;NA;NA;NA;NA;NA;NA;NA;10,358;44,951;46,829;10;4;1;2;3;4;5;6;25,394;33,618;34,7;9;4;1;2;3;4;5;6;5,071;69,158;69,999;15;3;1;2;3;4;5;6;3;1;5;1;"";3;1;1;"";"easy";"ns";"s";"s";NA;NA;NA;2;1;3;NA;NA;NA;1;3;2;0;0;"1. Left";0;0;0,5;3;1;1,66666666666667;1;1;1;1;0;0;0;0;0;0,444444444444444;1;0;0;5;1;1;1;0,184210526315789;1;0;0;0,5;0;-0,0255847953216374;0,236111111111111;-0,388888888888889;-0,228571428571429;-0,0277777777777778;-0,233024691358025;-0,518518518518518
"38";70;1503;2024-03-09 02:54:55;NA;1;27;0;4;"15";100;76;87;35;81;79;70;65;0;100;28;16;4;"Kot";100;20;500;10;0,1;9;19;4;25;27;5;1;3;6;6;7;2;1;2;7;7;5,713;88,06;91,454;10;1;1;2;NA;NA;NA;27;34;15;75;3,639;132,8;135,494;15;NA;NA;NA;0;1;2;62;63;54;41;16,441;171,035;173,702;7;NA;NA;NA;1;1;2;35;42;60;40;NA;NA;NA;NA;NA;NA;NA;NA;NA;NA;NA;NA;NA;NA;NA;NA;NA;NA;NA;NA;NA;NA;NA;NA;NA;NA;NA;NA;NA;NA;NA;NA;NA;NA;NA;NA;NA;NA;NA;NA;NA;NA;3;4;2;NA;NA;NA;NA;NA;NA;NA;NA;NA;NA;NA;8,673;27,652;28,794;7;3;1;2;3;4;5;6;NA;NA;NA;NA;NA;NA;NA;NA;NA;NA;NA;NA;NA;NA;NA;NA;NA;NA;NA;NA;NA;NA;NA;NA;NA;NA;NA;NA;NA;NA;NA;NA;NA;NA;NA;NA;NA;NA;NA;NA;NA;NA;NA;NA;3;2;5;1;"";4;1;1;"";"hard";"s";"ns";"ns";2;3;1;NA;NA;NA;NA;1;NA;NA;NA;NA;0;0;"1. Left";0;0;0;1;1;1;1;1;1;1;1;1;1;1;1;1;1;1;1;3;1;1;1;0,210526315789474;1;0,166666666666667;0;0;0,166666666666667;0,000730994152046777;0,236111111111111;-0,222222222222222;-0,228571428571429;-0,527777777777778;0,322530864197531;0,481481481481482
"39";71;460;2024-03-09 02:55:54;NA;1;20;0;3;"15";50;50;48;66;33;61;38;61;50;52;16;69;4;"kot";100;20;500;10;0,1;9;19;2;25;27;3;1;2;1;2;5;5;3;4;2;1;1,209;56,079;61,245;6;1;2;1;NA;NA;NA;59;57;19;70;0,445;65,444;66,381;5;NA;NA;NA;1;2;1;63;60;39;70;1,449;28,765;29,579;2;NA;NA;NA;1;2;1;60;59;21;69;NA;NA;NA;NA;NA;NA;NA;NA;NA;NA;NA;NA;NA;NA;NA;NA;NA;NA;NA;NA;NA;NA;NA;NA;NA;NA;NA;NA;NA;NA;NA;NA;NA;NA;NA;NA;NA;NA;NA;NA;NA;NA;4;4;4;6,763;17,395;18,049;5;5;6;5;4;3;2;1;NA;NA;NA;NA;NA;NA;NA;NA;NA;NA;NA;NA;NA;NA;NA;NA;NA;NA;NA;NA;NA;NA;NA;NA;NA;NA;NA;NA;NA;NA;NA;NA;NA;NA;NA;NA;NA;NA;NA;NA;NA;NA;NA;NA;NA;NA;NA;NA;NA;NA;NA;NA;NA;NA;NA;3;6;NA;98;"";4;1;1;"";"hard";"s";"ns";"ns";2;1;3;NA;NA;NA;1;NA;NA;NA;NA;NA;NA;NA;"IDK & Other";0,5;0,5;0,5;6;7;5,33333333333333;1;1;1;1;1;1;0;1;1;0,888888888888889;1;0,666666666666667;1;4;1;1;1;0,0263157894736842;0,5;0,833333333333333;0,5;0,5;0,666666666666667;-0,183479532163743;-0,263888888888889;0,444444444444444;0,271428571428571;-0,0277777777777778;0,21141975308642;0,148148148148148
"40";72;440;2024-03-09 03:05:05;NA;1;24;0;4;"15";100;100;48;3;40;70;35;3;71;69;60;30;4;"Kot";100;5;6;100;10;8;19;2;0,5;14;7;1;5;7;3;7;1;1;4;7;7;0,513;1,782;2,2;3;NA;NA;NA;0;1;2;71;71;16;87;1,54;5,425;6,278;3;1;1;2;NA;NA;NA;28;28;71;28;0,619;3,512;4,1;5;NA;NA;NA;1;1;2;28;29;84;13;NA;NA;NA;NA;NA;NA;NA;NA;NA;NA;NA;NA;NA;NA;NA;NA;NA;NA;NA;NA;NA;NA;NA;NA;NA;NA;NA;NA;NA;NA;NA;NA;NA;NA;NA;NA;NA;NA;NA;NA;NA;NA;6;6;3;NA;NA;NA;NA;NA;NA;NA;NA;NA;NA;NA;NA;NA;NA;NA;NA;NA;NA;NA;NA;NA;NA;1,411;3,705;4,001;2;5;1;2;3;4;5;6;NA;NA;NA;NA;NA;NA;NA;NA;NA;NA;NA;NA;NA;NA;NA;NA;NA;NA;NA;NA;NA;NA;NA;NA;NA;NA;NA;NA;NA;NA;NA;NA;NA;3;1;3;1;"";4;1;1;"";"hard";"ns";"s";"ns";2;1;3;NA;NA;NA;NA;NA;1;NA;NA;NA;0;0;"1. Left";0;0;0,5;1;1;1;1;0;0;0;0;0;0;0;0;0,111111111111111;1;0;0;5;1;1;1;0,131578947368421;1;0;0;0,5;0;-0,0782163742690059;0,236111111111111;-0,388888888888889;-0,228571428571429;-0,0277777777777778;-0,566358024691358;-0,518518518518518
"41";73;2090;2024-03-09 03:06:41;NA;1;28;1;4;"15";28;68;71;60;48;48;23;52;26;27;37;59;4;"kot";100;20;500;10;10;9;10;9;25;14;3;1;4;2;4;6;3;3;4;4;5;NA;NA;NA;NA;NA;NA;NA;NA;NA;NA;NA;NA;NA;NA;NA;NA;NA;NA;NA;NA;NA;NA;NA;NA;NA;NA;NA;NA;NA;NA;NA;NA;NA;NA;NA;NA;NA;NA;NA;NA;NA;NA;8,106;355,853;370,202;11;NA;NA;NA;1;2;1;75;52;70;32;8,568;135,505;137,361;7;1;2;1;NA;NA;NA;75;55;88;11;6,815;292,644;293,302;6;0;2;1;NA;NA;NA;71;55;69;28;4;6;4;NA;NA;NA;NA;NA;NA;NA;NA;NA;NA;NA;NA;NA;NA;NA;NA;NA;NA;NA;NA;NA;NA;NA;NA;NA;NA;NA;NA;NA;NA;NA;NA;NA;21,851;42,014;43,276;6;5;6;5;4;3;2;1;1,768;7,184;8,342;4;5;6;5;4;3;2;1;1,06;44,17;44,803;8;5;6;5;4;3;2;1;3;2;3;98;"";4;1;1;"";"easy";"ns";"s";"s";NA;NA;NA;2;3;1;NA;NA;NA;1;2;3;NA;NA;"IDK & Other";0,5;0,5;0,5;4;3;3,33333333333333;1;1;1;1;0;0;0;1;0;0,555555555555556;1;0,333333333333333;1;4,66666666666667;1;1;1;0,236842105263158;1;0,166666666666667;0,5;0,5;0,333333333333333;0,027046783625731;0,236111111111111;-0,222222222222222;0,271428571428571;-0,0277777777777778;-0,121913580246914;-0,185185185185185
"42";75;1310;2024-03-09 03:17:10;NA;1;22;0;3;"15";68;59;69;38;18;79;67;28;18;38;58;70;4;"kot";100;20;500;10;0,1;19;100;4;50;27;2;1;2;3;3;5;4;3;4;2;3;NA;NA;NA;NA;NA;NA;NA;NA;NA;NA;NA;NA;NA;NA;NA;NA;NA;NA;NA;NA;NA;NA;NA;NA;NA;NA;NA;NA;NA;NA;NA;NA;NA;NA;NA;NA;NA;NA;NA;NA;NA;NA;7,671;32,903;35,325;6;1;1;2;NA;NA;NA;1;0;5;100;3,818;46,466;57,229;8;NA;NA;NA;0;1;2;9;0;1;100;8,623;90,113;91,252;9;0;1;2;NA;NA;NA;28;16;0;100;6;6;4;NA;NA;NA;NA;NA;NA;NA;NA;NA;NA;NA;NA;NA;NA;NA;NA;NA;NA;NA;NA;NA;NA;NA;NA;NA;NA;NA;NA;NA;NA;NA;NA;NA;5,053;25,075;25,449;5;5;1;2;3;4;5;6;1,259;21,091;21,479;7;5;1;2;3;4;5;6;1,819;50,125;50,5;13;5;1;2;3;4;5;6;0;7;4;2;"";4;1;1;"";"easy";"s";"ns";"s";NA;NA;NA;3;2;1;NA;NA;NA;1;2;3;1;0;"2. The Civic Coalition";0,5;0,5;0,5;6;5;4,66666666666667;1;1;1;1;1;0;1;0;1;0,777777777777778;1;0,666666666666667;1;5,33333333333333;1;1;1;0,0789473684210526;0,5;1;0,5;0,5;0,5;-0,130847953216374;-0,263888888888889;0,611111111111111;0,271428571428571;-0,0277777777777778;0,100308641975309;0,148148148148148
"43";77;1109;2024-03-09 03:29:31;NA;1;20;0;3;"15";50;49;31;65;39;31;38;62;49;51;23;47;4;"kot";100;20;500;10;0,1;10;19;2;25;27;3;1;2;1;2;5;5;4;3;2;1;NA;NA;NA;NA;NA;NA;NA;NA;NA;NA;NA;NA;NA;NA;NA;NA;NA;NA;NA;NA;NA;NA;NA;NA;NA;NA;NA;NA;NA;NA;NA;NA;NA;NA;NA;NA;NA;NA;NA;NA;NA;NA;21,758;133,651;135,473;17;1;1;2;NA;NA;NA;39;35;70;60;10,408;43,833;44,426;9;1;1;2;NA;NA;NA;17;18;8;62;20,572;81,64;82,865;8;0;1;2;NA;NA;NA;18;28;10;61;4;4;4;NA;NA;NA;NA;NA;NA;NA;NA;NA;NA;NA;NA;NA;NA;NA;NA;NA;NA;NA;NA;NA;NA;NA;NA;NA;NA;NA;NA;NA;NA;NA;NA;NA;4,36;49,255;50,075;15;5;1;2;3;4;5;6;4,006;14;15,99;7;5;1;2;3;4;5;6;3,419;53,806;54,672;10;5;1;2;3;4;5;6;3;6;NA;98;"";4;1;1;"";"easy";"s";"s";"s";NA;NA;NA;1;3;2;NA;NA;NA;1;3;2;NA;NA;"IDK & Other";0,5;0,5;0,5;6;7;5,66666666666667;1;1;1;1;1;0;0;1;1;0,777777777777778;1;0,666666666666667;1;4;1;1;1;0,0263157894736842;0,5;0,833333333333333;0,5;0,5;0,666666666666667;-0,183479532163743;-0,263888888888889;0,444444444444444;0,271428571428571;-0,0277777777777778;0,100308641975309;0,148148148148148
"44";78;965;2024-03-09 03:40:05;NA;1;33;0;4;"15";60;58;18;29;2;99;78;7;60;30;24;60;4;"Kot";100;20;500;10;0,1;9;100;9;50;14;4;1;5;3;4;6;7;7;7;1;1;NA;NA;NA;NA;NA;NA;NA;NA;NA;NA;NA;NA;NA;NA;NA;NA;NA;NA;NA;NA;NA;NA;NA;NA;NA;NA;NA;NA;NA;NA;NA;NA;NA;NA;NA;NA;NA;NA;NA;NA;NA;NA;82,673;152,437;152,963;11;NA;NA;NA;1;2;1;80;79;87;15;45,788;97,894;98,235;9;1;2;1;NA;NA;NA;19;11;3;100;11,063;43,214;43,66;7;0;2;1;NA;NA;NA;29;36;12;59;5;4;5;NA;NA;NA;NA;NA;NA;NA;NA;NA;NA;NA;NA;NA;NA;NA;NA;NA;NA;NA;NA;NA;NA;NA;NA;NA;NA;NA;NA;NA;NA;NA;NA;NA;3,308;16,3;16,801;4;0;6;5;4;3;2;1;14,372;16,172;16,751;4;0;6;5;4;3;2;1;16,613;45,101;46,001;9;4;6;5;4;3;2;1;3;7;4;7;"";3;1;1;"";"easy";"ns";"s";"s";NA;NA;NA;2;1;3;NA;NA;NA;3;2;1;NA;NA;NA;1;1;1;7;7;7;1;1;1;1;1;0;0;0;0;0,555555555555556;1;0;0;4,66666666666667;1;1;1;0,368421052631579;1;1;1;1;1;0,158625730994152;0,236111111111111;0,611111111111111;0,771428571428571;0,472222222222222;-0,121913580246914;-0,518518518518518
"45";82;2495;2024-03-09 03:54:45;NA;1;21;0;3;"15";70;59;59;82;28;80;30;3;8;100;52;17;4;"Kot";100;20;500;10;10;9;10;9;50;27;4;1;2;6;5;6;3;4;2;1;5;8,632;244,986;246,66;21;1;2;1;NA;NA;NA;9;42;99;0;3,472;235,659;236,724;11;NA;NA;NA;0;2;1;58;24;100;17;14,346;169,908;301,045;5;NA;NA;NA;1;2;1;50;34;91;33;NA;NA;NA;NA;NA;NA;NA;NA;NA;NA;NA;NA;NA;NA;NA;NA;NA;NA;NA;NA;NA;NA;NA;NA;NA;NA;NA;NA;NA;NA;NA;NA;NA;NA;NA;NA;NA;NA;NA;NA;NA;NA;5;6;5;29,423;102,752;105,151;16;5;6;5;4;3;2;1;NA;NA;NA;NA;NA;NA;NA;NA;NA;NA;NA;NA;NA;NA;NA;NA;NA;NA;NA;NA;NA;NA;NA;NA;NA;NA;NA;NA;NA;NA;NA;NA;NA;NA;NA;NA;NA;NA;NA;NA;NA;NA;NA;NA;NA;NA;NA;NA;NA;NA;NA;NA;NA;NA;NA;0;1;3;2;"";3;1;1;"W pytaniach zdecydowanie zgadzam siê i zdecydowanie nie zgadzam siê pod koniec ankiety 1 oznacza zdecydowanie nie zgadzam siê, a tak¿e 1 oznacza zdecydowanie zgadzam siê, zamiast 6";"hard";"s";"ns";"ns";3;2;1;NA;NA;NA;1;NA;NA;NA;NA;NA;1;0;"2. The Civic Coalition";0,5;0,5;0;7;3;4,66666666666667;1;1;1;1;0;0;0;0;1;0,555555555555556;1;0,333333333333333;1;5,33333333333333;1;1;1;0,0526315789473684;0,5;0;0,5;0;0,333333333333333;-0,157163742690058;-0,263888888888889;-0,388888888888889;0,271428571428571;-0,527777777777778;-0,121913580246914;-0,185185185185185
"46";83;751;2024-03-09 03:55:03;NA;1;22;0;3;"15";70;59;29;50;10;90;70;39;7;40;21;78;4;"kot";100;20;500;10;10;8;10;6;50;12;3;1;2;2;3;4;5;5;6;2;3;2,359;45,614;48,922;10;NA;NA;NA;0;2;1;90;80;90;28;1,007;15,262;15,268;5;NA;NA;NA;1;2;1;92;84;77;27;1,033;26,981;28,187;5;NA;NA;NA;0;2;1;91;89;85;1;NA;NA;NA;NA;NA;NA;NA;NA;NA;NA;NA;NA;NA;NA;NA;NA;NA;NA;NA;NA;NA;NA;NA;NA;NA;NA;NA;NA;NA;NA;NA;NA;NA;NA;NA;NA;NA;NA;NA;NA;NA;NA;5;5;6;NA;NA;NA;NA;NA;NA;NA;NA;NA;NA;NA;NA;NA;NA;NA;NA;NA;NA;NA;NA;NA;NA;4,097;27,095;28,867;8;4;6;5;4;3;2;1;NA;NA;NA;NA;NA;NA;NA;NA;NA;NA;NA;NA;NA;NA;NA;NA;NA;NA;NA;NA;NA;NA;NA;NA;NA;NA;NA;NA;NA;NA;NA;NA;NA;3;7;7;98;"";2;1;1;"";"hard";"ns";"ns";"ns";1;3;2;NA;NA;NA;NA;NA;1;NA;NA;NA;NA;NA;"IDK & Other";0,5;0,5;1;6;5;5,33333333333333;1;1;1;1;0;0;0;0;0;0,444444444444444;1;0;0;5,33333333333333;1;1;1;0,0789473684210526;0,5;1;0,5;1;0,666666666666667;-0,130847953216374;-0,263888888888889;0,611111111111111;0,271428571428571;0,472222222222222;-0,233024691358025;-0,518518518518518
"47";84;1588;2024-03-09 03:59:51;NA;1;26;0;4;"15";51;68;48;16;58;70;49;17;38;57;25;21;4;"Kot";100;20;500;500;0,5;9;19;6;0,25;27;4;1;2;1;5;5;3;2;5;3;7;NA;NA;NA;NA;NA;NA;NA;NA;NA;NA;NA;NA;NA;NA;NA;NA;NA;NA;NA;NA;NA;NA;NA;NA;NA;NA;NA;NA;NA;NA;NA;NA;NA;NA;NA;NA;NA;NA;NA;NA;NA;NA;5,113;52,945;54,042;11;0;2;1;NA;NA;NA;2;0;0;89;10,632;151,9;152,567;15;1;2;1;NA;NA;NA;24;22;0;48;50,938;236,877;241,807;13;1;2;1;NA;NA;NA;22;21;0;49;5;4;4;NA;NA;NA;NA;NA;NA;NA;NA;NA;NA;NA;NA;NA;NA;NA;NA;NA;NA;NA;NA;NA;NA;NA;NA;NA;NA;NA;NA;NA;NA;NA;NA;NA;4,901;35,554;36,301;7;5;6;5;4;3;2;1;33,892;70,148;70,872;12;5;6;5;4;3;2;1;13,794;145,186;145,606;30;0;6;5;4;3;2;1;0;1;NA;2;"";4;1;1;"";"easy";"s";"s";"s";NA;NA;NA;3;1;2;NA;NA;NA;2;3;1;1;0;"2. The Civic Coalition";0,5;0;0,5;5;1;2,66666666666667;1;1;1;0;0;1;0;0;1;0,555555555555556;1;0,333333333333333;1;4,33333333333333;1;1;1;0,184210526315789;1;0;0;0,5;0,333333333333333;-0,0255847953216374;0,236111111111111;-0,388888888888889;-0,228571428571429;-0,0277777777777778;-0,121913580246914;-0,185185185185185
"48";85;1039;2024-03-09 04:09:05;NA;1;21;0;3;"15";71;67;29;14;48;24;20;8;76;83;9;3;4;"kot";100;20;500;10;0,001;9;10;5;0,25;14;5;1;4;5;5;5;5;3;5;1;3;7,666;40,048;43,421;5;NA;NA;NA;1;2;1;31;38;0;56;1,179;46,579;47,519;4;NA;NA;NA;1;2;1;21;36;0;28;18,88;126,466;127,338;8;1;2;1;NA;NA;NA;61;37;9;73;NA;NA;NA;NA;NA;NA;NA;NA;NA;NA;NA;NA;NA;NA;NA;NA;NA;NA;NA;NA;NA;NA;NA;NA;NA;NA;NA;NA;NA;NA;NA;NA;NA;NA;NA;NA;NA;NA;NA;NA;NA;NA;5;6;5;NA;NA;NA;NA;NA;NA;NA;NA;NA;NA;NA;NA;NA;NA;NA;NA;NA;NA;NA;NA;NA;NA;3,09;44,842;51,52;15;4;6;5;4;3;2;1;NA;NA;NA;NA;NA;NA;NA;NA;NA;NA;NA;NA;NA;NA;NA;NA;NA;NA;NA;NA;NA;NA;NA;NA;NA;NA;NA;NA;NA;NA;NA;NA;NA;3;5;4;98;"";4;1;1;"Chyba 2-3 ekrany wczeœniej by³o dwie 1 w odniesieniu do zgodnoœci ze stwierdzeniem";"hard";"ns";"ns";"s";2;3;1;NA;NA;NA;NA;NA;1;NA;NA;NA;NA;NA;"IDK & Other";0,5;0,5;0,5;7;5;5;1;1;1;1;0;0;0;0;0;0,444444444444444;1;0;0;5,33333333333333;1;1;1;0,0526315789473684;0,5;0,666666666666667;0,5;0,5;0,666666666666667;-0,157163742690058;-0,263888888888889;0,277777777777778;0,271428571428571;-0,0277777777777778;-0,233024691358025;-0,518518518518518
"49";89;851;2024-03-09 04:36:29;NA;1;32;0;4;"15";56;78;54;91;98;95;10;26;0;100;0;0;4;"Kot";10;20;500;10;0,1;9;19;4;25;27;5;1;5;1;2;6;3;3;5;4;7;NA;NA;NA;NA;NA;NA;NA;NA;NA;NA;NA;NA;NA;NA;NA;NA;NA;NA;NA;NA;NA;NA;NA;NA;NA;NA;NA;NA;NA;NA;NA;NA;NA;NA;NA;NA;NA;NA;NA;NA;NA;NA;14,959;72,242;72,858;4;0;2;1;NA;NA;NA;72;76;23;95;9,845;53,801;64,892;4;1;2;1;NA;NA;NA;76;72;18;73;15,842;104,578;122,953;4;NA;NA;NA;1;2;1;72;67;87;81;2;5;4;NA;NA;NA;NA;NA;NA;NA;NA;NA;NA;NA;NA;NA;NA;NA;NA;NA;NA;NA;NA;NA;NA;NA;NA;NA;NA;NA;NA;NA;NA;NA;NA;NA;4,71;19,484;20,693;15;5;6;5;4;3;2;1;0,238;2,049;3,752;4;5;6;5;4;3;2;1;18,337;19,681;21,054;3;5;6;5;4;3;2;1;3;3;4;1;"";4;1;1;"";"easy";"s";"s";"ns";NA;NA;NA;3;2;1;NA;NA;NA;1;2;3;0;0;"1. Left";0,5;0,5;0,5;4;1;2,66666666666667;0;1;1;1;1;1;1;1;1;0,888888888888889;1;1;1;3,66666666666667;1;1;1;0,342105263157895;1;0,333333333333333;0,5;0,5;0,333333333333333;0,132309941520468;0,236111111111111;-0,0555555555555556;0,271428571428571;-0,0277777777777778;0,21141975308642;0,481481481481482
"50";90;2277;2024-03-09 04:46:02;NA;1;25;0;4;"15";100;82;38;7;37;52;19;83;99;24;28;26;4;"kot";100;20;500;10;0,1;9;19;4;250;27;1;1;1;1;1;6;6;4;6;4;1;NA;NA;NA;NA;NA;NA;NA;NA;NA;NA;NA;NA;NA;NA;NA;NA;NA;NA;NA;NA;NA;NA;NA;NA;NA;NA;NA;NA;NA;NA;NA;NA;NA;NA;NA;NA;NA;NA;NA;NA;NA;NA;2,067;93,479;94,123;28;NA;NA;NA;0;1;2;28;27;14;90;3,722;71,026;75,394;20;NA;NA;NA;1;1;2;25;20;23;85;3,22;95,803;96,543;13;0;1;2;NA;NA;NA;17;22;0;91;6;6;6;NA;NA;NA;NA;NA;NA;NA;NA;NA;NA;NA;NA;NA;NA;NA;NA;NA;NA;NA;NA;NA;NA;NA;NA;NA;NA;NA;NA;NA;NA;NA;NA;NA;1,876;23,569;23,95;16;5;1;2;3;4;5;6;1,885;17,536;18,014;9;5;1;2;3;4;5;6;2,311;17,322;17,742;14;5;1;2;3;4;5;6;3;7;5;99;"";4;1;1;"";"easy";"ns";"ns";"s";NA;NA;NA;2;3;1;NA;NA;NA;3;1;2;NA;NA;"IDK & Other";1;0,5;1;4;7;5;1;1;1;1;1;1;1;0;1;0,888888888888889;1;0,666666666666667;1;6;1;1;1;0,157894736842105;1;1;0,5;1;0,833333333333333;-0,0519005847953216;0,236111111111111;0,611111111111111;0,271428571428571;0,472222222222222;0,21141975308642;0,148148148148148
"51";91;736;2024-03-09 04:51:19;NA;1;23;0;4;"15";70;59;71;47;44;31;40;59;38;35;23;61;4;"kot";100;20;500;10;0,1;9;10;4;25;6;4;1;3;2;3;5;3;5;5;3;3;2,262;32,102;36,703;25;1;2;1;NA;NA;NA;39;33;41;75;1,851;32,609;33,002;17;NA;NA;NA;0;2;1;60;67;64;33;1,689;42,201;42,801;20;NA;NA;NA;1;2;1;52;40;55;63;NA;NA;NA;NA;NA;NA;NA;NA;NA;NA;NA;NA;NA;NA;NA;NA;NA;NA;NA;NA;NA;NA;NA;NA;NA;NA;NA;NA;NA;NA;NA;NA;NA;NA;NA;NA;NA;NA;NA;NA;NA;NA;5;4;5;NA;NA;NA;NA;NA;NA;NA;NA;NA;NA;NA;NA;NA;NA;NA;NA;NA;NA;NA;NA;NA;NA;2,875;24,24;24,801;17;3;6;5;4;3;2;1;NA;NA;NA;NA;NA;NA;NA;NA;NA;NA;NA;NA;NA;NA;NA;NA;NA;NA;NA;NA;NA;NA;NA;NA;NA;NA;NA;NA;NA;NA;NA;NA;NA;3;6;5;4;"";3;1;1;"";"hard";"s";"ns";"ns";1;3;2;NA;NA;NA;NA;NA;1;NA;NA;NA;0;1;"4. Law & Justice";0,5;0,5;0,5;5;5;5;1;1;1;1;1;0;1;1;0;0,777777777777778;1;0,666666666666667;1;4,66666666666667;1;1;1;0,105263157894737;1;0,833333333333333;0,5;0,5;0,333333333333333;-0,10453216374269;0,236111111111111;0,444444444444444;0,271428571428571;-0,0277777777777778;0,100308641975309;0,148148148148148
"52";92;1751;2024-03-09 04:52:43;NA;1;20;0;3;"15";81;91;61;19;39;91;9;41;30;19;40;81;4;"kot";100;20;500;10;0,1;9;10;4;50;14;7;1;6;1;5;6;3;2;3;3;7;196,998;222,944;233,282;3;1;1;2;NA;NA;NA;40;9;10;100;182,752;182,752;223,185;1;1;1;2;NA;NA;NA;9;0;0;100;128,592;128,592;129,618;1;NA;NA;NA;1;1;2;11;0;0;100;NA;NA;NA;NA;NA;NA;NA;NA;NA;NA;NA;NA;NA;NA;NA;NA;NA;NA;NA;NA;NA;NA;NA;NA;NA;NA;NA;NA;NA;NA;NA;NA;NA;NA;NA;NA;NA;NA;NA;NA;NA;NA;6;5;5;NA;NA;NA;NA;NA;NA;NA;NA;NA;NA;NA;114,363;115,259;116,076;2;5;1;2;3;4;5;6;NA;NA;NA;NA;NA;NA;NA;NA;NA;NA;NA;NA;NA;NA;NA;NA;NA;NA;NA;NA;NA;NA;NA;NA;NA;NA;NA;NA;NA;NA;NA;NA;NA;NA;NA;NA;NA;NA;NA;NA;NA;NA;NA;NA;3;1;4;4;"";4;1;1;"";"hard";"s";"s";"ns";1;3;2;NA;NA;NA;NA;1;NA;NA;NA;NA;0;1;"4. Law & Justice";0,5;0;0,5;5;1;2,66666666666667;1;1;1;1;1;0;1;0;0;0,666666666666667;1;0,333333333333333;1;5,33333333333333;1;1;1;0,0263157894736842;0,5;0;0;0,5;0,333333333333333;-0,183479532163743;-0,263888888888889;-0,388888888888889;-0,228571428571429;-0,0277777777777778;-0,0108024691358025;-0,185185185185185
"53";114;991;2024-03-09 06:22:25;NA;1;25;1;4;"15";28;78;33;17;79;70;17;1;0;100;0;0;4;"kot";100;20;500;10;1;5;100;4;25;27;5;1;3;2;5;4;5;5;4;1;7;NA;NA;NA;NA;NA;NA;NA;NA;NA;NA;NA;NA;NA;NA;NA;NA;NA;NA;NA;NA;NA;NA;NA;NA;NA;NA;NA;NA;NA;NA;NA;NA;NA;NA;NA;NA;NA;NA;NA;NA;NA;NA;3,576;53,228;75,344;9;NA;NA;NA;1;1;2;28;29;8;68;2,261;8,803;18,402;4;1;1;2;NA;NA;NA;9;7;8;79;1,505;10,167;12,794;2;1;1;2;NA;NA;NA;1;0;0;100;5;5;4;NA;NA;NA;NA;NA;NA;NA;NA;NA;NA;NA;NA;NA;NA;NA;NA;NA;NA;NA;NA;NA;NA;NA;NA;NA;NA;NA;NA;NA;NA;NA;NA;NA;0,152;9,341;10,193;4;3;1;2;3;4;5;6;0,897;5,301;6,401;5;5;1;2;3;4;5;6;3,938;14,139;17,486;4;5;1;2;3;4;5;6;3;4;NA;7;"";4;1;1;"";"easy";"ns";"s";"s";NA;NA;NA;1;2;3;NA;NA;NA;3;2;1;NA;NA;NA;0,5;0,5;0,5;7;1;4,33333333333333;1;1;1;1;0;0;1;1;1;0,777777777777778;1;1;1;4,66666666666667;1;1;1;0,157894736842105;1;0,5;0,5;0,5;0,666666666666667;-0,0519005847953216;0,236111111111111;0,111111111111111;0,271428571428571;-0,0277777777777778;0,100308641975309;0,481481481481482
"54";117;1124;2024-03-09 06:44:26;NA;1;41;1;4;"15";73;100;70;9;52;93;62;49;0;80;10;8;4;"Kot";100;20;500;10;0,1;8;100;4;25;27;5;1;5;5;5;6;4;4;4;4;4;NA;NA;NA;NA;NA;NA;NA;NA;NA;NA;NA;NA;NA;NA;NA;NA;NA;NA;NA;NA;NA;NA;NA;NA;NA;NA;NA;NA;NA;NA;NA;NA;NA;NA;NA;NA;NA;NA;NA;NA;NA;NA;19,246;71,549;72,249;12;1;2;1;NA;NA;NA;9;10;8;99;7,081;63,968;65,542;10;1;2;1;NA;NA;NA;4;5;5;90;13,41;92,386;95,564;32;NA;NA;NA;0;2;1;19;30;10;100;5;5;4;NA;NA;NA;NA;NA;NA;NA;NA;NA;NA;NA;NA;NA;NA;NA;NA;NA;NA;NA;NA;NA;NA;NA;NA;NA;NA;NA;NA;NA;NA;NA;NA;NA;3,48;17,126;18,101;6;5;6;5;4;3;2;1;1,209;5,563;6,344;4;5;6;5;4;3;2;1;3,167;148,426;149,485;31;4;6;5;4;3;2;1;3;3;6;2;"";3;1;1;"";"easy";"s";"s";"ns";NA;NA;NA;2;3;1;NA;NA;NA;2;3;1;1;0;"2. The Civic Coalition";0,5;0,5;0,5;4;4;4;1;1;1;1;1;0;1;1;1;0,888888888888889;1;1;1;4,66666666666667;1;1;1;0,578947368421053;1;0,333333333333333;0,5;0,5;0,5;0,369152046783626;0,236111111111111;-0,0555555555555556;0,271428571428571;-0,0277777777777778;0,21141975308642;0,481481481481482
"55";118;624;2024-03-09 06:57:37;NA;1;28;1;4;"15";19;60;18;0;32;64;16;7;22;30;29;23;4;"Kot";100;20;500;10;1;8;20;6;50;14;5;1;5;4;5;6;NA;NA;7;2;1;3,482;15,252;16,026;7;NA;NA;NA;0;1;2;40;65;40;57;0,89;36,782;38,006;18;NA;NA;NA;1;1;2;43;42;44;1;1,328;10,014;11,251;5;1;1;2;NA;NA;NA;58;55;43;31;NA;NA;NA;NA;NA;NA;NA;NA;NA;NA;NA;NA;NA;NA;NA;NA;NA;NA;NA;NA;NA;NA;NA;NA;NA;NA;NA;NA;NA;NA;NA;NA;NA;NA;NA;NA;NA;NA;NA;NA;NA;NA;5;5;5;NA;NA;NA;NA;NA;NA;NA;NA;NA;NA;NA;NA;NA;NA;NA;NA;NA;NA;NA;NA;NA;NA;3,566;18,305;19,879;8;2;1;2;3;4;5;6;NA;NA;NA;NA;NA;NA;NA;NA;NA;NA;NA;NA;NA;NA;NA;NA;NA;NA;NA;NA;NA;NA;NA;NA;NA;NA;NA;NA;NA;NA;NA;NA;NA;3;4;6;7;"";2;1;1;"";"hard";"ns";"ns";"s";1;2;3;NA;NA;NA;NA;NA;1;NA;NA;NA;NA;NA;NA;NA;NA;1;6;7;6,5;1;1;1;1;0;0;0;0;0;0,444444444444444;1;0;0;5;1;1;1;0,236842105263158;1;0,5;NA;1;NA;0,027046783625731;0,236111111111111;0,111111111111111;NA;0,472222222222222;-0,233024691358025;-0,518518518518518
"56";123;1394;2024-03-09 07:40:38;NA;1;29;0;4;"15";71;61;72;80;40;51;72;62;62;39;28;70;4;"kot";100;20;500;10;0,1;9;10;4;25;27;3;1;3;2;2;6;2;2;3;2;7;NA;NA;NA;NA;NA;NA;NA;NA;NA;NA;NA;NA;NA;NA;NA;NA;NA;NA;NA;NA;NA;NA;NA;NA;NA;NA;NA;NA;NA;NA;NA;NA;NA;NA;NA;NA;NA;NA;NA;NA;NA;NA;30,252;39,214;40,296;3;0;2;1;NA;NA;NA;9;9;20;92;4,356;43,513;44,496;5;NA;NA;NA;0;2;1;20;21;8;91;9,978;65,425;66,34;6;1;2;1;NA;NA;NA;40;39;30;81;5;5;3;NA;NA;NA;NA;NA;NA;NA;NA;NA;NA;NA;NA;NA;NA;NA;NA;NA;NA;NA;NA;NA;NA;NA;NA;NA;NA;NA;NA;NA;NA;NA;NA;NA;25,297;28,269;29,27;3;5;6;5;4;3;2;1;1,083;30,075;30,986;4;4;6;5;4;3;2;1;51,521;107,297;108,193;5;4;6;5;4;3;2;1;3;3;3;1;"";0;1;1;"";"easy";"s";"ns";"s";NA;NA;NA;3;2;1;NA;NA;NA;2;3;1;0;0;"1. Left";0;0;0,5;6;1;3;1;1;1;1;1;0;1;1;1;0,888888888888889;1;1;1;4,33333333333333;1;1;1;0,263157894736842;1;0,333333333333333;0;0,5;0,166666666666667;0,0533625730994152;0,236111111111111;-0,0555555555555556;-0,228571428571429;-0,0277777777777778;0,21141975308642;0,481481481481482
"57";127;2032;2024-03-09 08:07:33;NA;1;34;0;4;"15";97;100;80;71;98;100;85;82;0;100;49;61;4;"kot";100;20;500;10;0,1;8;9;4;25;27;5;1;5;2;4;6;3;3;4;5;6;25,665;186,556;189,636;8;NA;NA;NA;1;2;1;90;82;80;63;22,733;191,521;192,239;9;1;2;1;NA;NA;NA;81;83;79;70;21,562;85,946;88,982;6;NA;NA;NA;0;2;1;80;83;71;65;NA;NA;NA;NA;NA;NA;NA;NA;NA;NA;NA;NA;NA;NA;NA;NA;NA;NA;NA;NA;NA;NA;NA;NA;NA;NA;NA;NA;NA;NA;NA;NA;NA;NA;NA;NA;NA;NA;NA;NA;NA;NA;4;5;4;15,075;30,2;32,251;3;3;6;5;4;3;2;1;NA;NA;NA;NA;NA;NA;NA;NA;NA;NA;NA;NA;NA;NA;NA;NA;NA;NA;NA;NA;NA;NA;NA;NA;NA;NA;NA;NA;NA;NA;NA;NA;NA;NA;NA;NA;NA;NA;NA;NA;NA;NA;NA;NA;NA;NA;NA;NA;NA;NA;NA;NA;NA;NA;NA;1;3;5;4;"";3;1;1;"";"hard";"ns";"s";"ns";3;1;2;NA;NA;NA;1;NA;NA;NA;NA;NA;0;1;"4. Law & Justice";0,5;0,5;0,5;3;2;2,66666666666667;1;1;1;1;1;0;1;1;1;0,888888888888889;1;1;1;4,33333333333333;1;1;1;0,394736842105263;1;0,333333333333333;0,5;0,5;0,333333333333333;0,184941520467836;0,236111111111111;-0,0555555555555556;0,271428571428571;-0,0277777777777778;0,21141975308642;0,481481481481482
"58";128;710;2024-03-09 08:23:17;NA;1;33;0;4;"15";91;92;81;72;53;8;29;61;22;72;2;30;4;"kot";10;20;500;1;1;1;10;9;50;14;6;1;5;1;4;7;2;2;6;4;7;11,382;11,382;12,255;1;NA;NA;NA;0;1;2;92;93;99;8;51,749;57,272;58,043;2;NA;NA;NA;1;1;2;92;82;100;1;24,17;24,17;25,417;1;1;1;2;NA;NA;NA;93;92;100;3;NA;NA;NA;NA;NA;NA;NA;NA;NA;NA;NA;NA;NA;NA;NA;NA;NA;NA;NA;NA;NA;NA;NA;NA;NA;NA;NA;NA;NA;NA;NA;NA;NA;NA;NA;NA;NA;NA;NA;NA;NA;NA;6;5;5;NA;NA;NA;NA;NA;NA;NA;NA;NA;NA;NA;15,196;15,196;16,251;1;4;1;2;3;4;5;6;NA;NA;NA;NA;NA;NA;NA;NA;NA;NA;NA;NA;NA;NA;NA;NA;NA;NA;NA;NA;NA;NA;NA;NA;NA;NA;NA;NA;NA;NA;NA;NA;NA;NA;NA;NA;NA;NA;NA;NA;NA;NA;NA;NA;3;1;5;4;"";0;1;1;"";"hard";"ns";"ns";"s";3;1;2;NA;NA;NA;NA;1;NA;NA;NA;NA;0;1;"4. Law & Justice";0;0;1;4;1;2,33333333333333;0;1;1;0;0;0;0;0;0;0,222222222222222;1;0;0;5,33333333333333;1;1;1;0,368421052631579;1;0;0;1;0,166666666666667;0,158625730994152;0,236111111111111;-0,388888888888889;-0,228571428571429;0,472222222222222;-0,455246913580247;-0,518518518518518
"59";131;1326;2024-03-09 08:41:29;NA;1;39;1;4;"15";82;74;71;85;65;66;15;36;13;97;16;2;4;"Kot";100;20;500;10;0,1;9;19;4;50;27;6;1;6;3;6;5;1;1;1;7;7;NA;NA;NA;NA;NA;NA;NA;NA;NA;NA;NA;NA;NA;NA;NA;NA;NA;NA;NA;NA;NA;NA;NA;NA;NA;NA;NA;NA;NA;NA;NA;NA;NA;NA;NA;NA;NA;NA;NA;NA;NA;NA;1,31;108,201;123,599;47;1;2;1;NA;NA;NA;82;61;85;28;7,798;115,882;117,482;31;1;2;1;NA;NA;NA;72;63;87;23;2,024;129,544;143,686;26;NA;NA;NA;1;2;1;71;69;73;25;5;5;4;NA;NA;NA;NA;NA;NA;NA;NA;NA;NA;NA;NA;NA;NA;NA;NA;NA;NA;NA;NA;NA;NA;NA;NA;NA;NA;NA;NA;NA;NA;NA;NA;NA;1,708;30,502;32,303;18;1;6;5;4;3;2;1;2,188;30,375;31,625;14;1;6;5;4;3;2;1;9,194;25,085;26,848;6;1;6;5;4;3;2;1;3;1;3;1;"";4;1;1;"";"easy";"s";"s";"ns";NA;NA;NA;1;2;3;NA;NA;NA;1;2;3;0;0;"1. Left";0;0;0;1;1;1;1;1;1;1;1;1;1;0;1;0,888888888888889;1;0,666666666666667;1;4,66666666666667;1;1;1;0,526315789473684;1;0;0;0;0;0,316520467836257;0,236111111111111;-0,388888888888889;-0,228571428571429;-0,527777777777778;0,21141975308642;0,148148148148148
"60";134;981;2024-03-09 10:27:27;NA;1;26;0;4;"15";70;56;64;63;31;28;63;61;10;61;60;31;4;"kot";100;20;500;10;0,1;9;100;4;25;27;2;1;2;1;1;5;3;2;6;3;7;NA;NA;NA;NA;NA;NA;NA;NA;NA;NA;NA;NA;NA;NA;NA;NA;NA;NA;NA;NA;NA;NA;NA;NA;NA;NA;NA;NA;NA;NA;NA;NA;NA;NA;NA;NA;NA;NA;NA;NA;NA;NA;10,564;67,425;68,892;10;1;2;1;NA;NA;NA;53;22;2;68;7,509;116,6;119,332;12;NA;NA;NA;1;2;1;64;29;0;69;5,26;28,603;37,668;7;0;2;1;NA;NA;NA;32;33;1;81;4;4;4;NA;NA;NA;NA;NA;NA;NA;NA;NA;NA;NA;NA;NA;NA;NA;NA;NA;NA;NA;NA;NA;NA;NA;NA;NA;NA;NA;NA;NA;NA;NA;NA;NA;4,716;9,253;9,926;5;5;6;5;4;3;2;1;3,854;30,575;31,7;7;5;6;5;4;3;2;1;17,668;43,261;43,793;8;2;6;5;4;3;2;1;3;3;3;4;"";4;1;1;"";"easy";"s";"ns";"s";NA;NA;NA;2;1;3;NA;NA;NA;2;1;3;0;1;"4. Law & Justice";0,5;0;1;5;1;2,66666666666667;1;1;1;1;1;0;1;1;1;0,888888888888889;1;1;1;4;1;1;1;0,184210526315789;1;0,333333333333333;0;1;0,333333333333333;-0,0255847953216374;0,236111111111111;-0,0555555555555556;-0,228571428571429;0,472222222222222;0,21141975308642;0,481481481481482
"61";137;638;2024-03-09 11:18:03;NA;1;34;0;4;"15";68;71;65;51;57;57;47;48;70;69;67;62;4;"kot";100;20;400;10;1;9;10;6;2,5;12;5;1;5;4;4;5;7;2;6;3;4;35,606;35,606;63,451;1;NA;NA;NA;1;2;1;82;81;5;59;82,469;82,469;83,687;1;0;2;1;NA;NA;NA;71;84;7;39;31,665;31,665;32,913;1;NA;NA;NA;0;2;1;72;72;0;67;NA;NA;NA;NA;NA;NA;NA;NA;NA;NA;NA;NA;NA;NA;NA;NA;NA;NA;NA;NA;NA;NA;NA;NA;NA;NA;NA;NA;NA;NA;NA;NA;NA;NA;NA;NA;NA;NA;NA;NA;NA;NA;5;5;2;NA;NA;NA;NA;NA;NA;NA;NA;NA;NA;NA;50,881;50,881;51,678;1;3;6;5;4;3;2;1;NA;NA;NA;NA;NA;NA;NA;NA;NA;NA;NA;NA;NA;NA;NA;NA;NA;NA;NA;NA;NA;NA;NA;NA;NA;NA;NA;NA;NA;NA;NA;NA;NA;NA;NA;NA;NA;NA;NA;NA;NA;NA;NA;NA;3;7;4;4;"";4;1;1;"";"hard";"ns";"s";"ns";1;3;2;NA;NA;NA;NA;1;NA;NA;NA;NA;0;1;"4. Law & Justice";1;0;1;5;4;3,66666666666667;1;1;0;1;0;0;0;0;0;0,333333333333333;1;0;0;4;1;1;1;0,394736842105263;1;1;0;1;1;0,184941520467836;0,236111111111111;0,611111111111111;-0,228571428571429;0,472222222222222;-0,344135802469136;-0,518518518518518
"62";139;878;2024-03-09 11:29:41;NA;1;25;0;4;"15";45;42;28;66;34;26;26;52;29;59;25;52;4;"kot";100;20;500;10;0,1;8;9;4;0,25;14;5;1;4;4;5;6;6;6;6;4;4;18,291;106,144;109,601;5;NA;NA;NA;1;2;1;45;47;44;60;12,818;50,976;53,389;4;NA;NA;NA;1;2;1;37;38;38;77;14,265;81,302;83,702;6;NA;NA;NA;1;2;1;57;44;45;67;NA;NA;NA;NA;NA;NA;NA;NA;NA;NA;NA;NA;NA;NA;NA;NA;NA;NA;NA;NA;NA;NA;NA;NA;NA;NA;NA;NA;NA;NA;NA;NA;NA;NA;NA;NA;NA;NA;NA;NA;NA;NA;4;4;4;NA;NA;NA;NA;NA;NA;NA;NA;NA;NA;NA;4,864;25,963;26,955;5;5;6;5;4;3;2;1;NA;NA;NA;NA;NA;NA;NA;NA;NA;NA;NA;NA;NA;NA;NA;NA;NA;NA;NA;NA;NA;NA;NA;NA;NA;NA;NA;NA;NA;NA;NA;NA;NA;NA;NA;NA;NA;NA;NA;NA;NA;NA;NA;NA;3;6;NA;7;"";4;1;1;"";"hard";"ns";"ns";"ns";3;2;1;NA;NA;NA;NA;1;NA;NA;NA;NA;NA;NA;NA;1;1;1;4;4;4,66666666666667;1;1;1;1;1;0;1;0;0;0,666666666666667;1;0,333333333333333;1;4;1;1;1;0,157894736842105;1;0,833333333333333;1;1;0,833333333333333;-0,0519005847953216;0,236111111111111;0,444444444444444;0,771428571428571;0,472222222222222;-0,0108024691358025;-0,185185185185185
"63";148;891;2024-03-09 13:17:43;NA;1;37;0;3;"15";89;76;94;62;100;100;73;0;1;100;10;0;4;"Kot";100;20;500;10;1;9;100;4;50;14;7;1;6;4;7;6;1;1;5;3;7;NA;NA;NA;NA;NA;NA;NA;NA;NA;NA;NA;NA;NA;NA;NA;NA;NA;NA;NA;NA;NA;NA;NA;NA;NA;NA;NA;NA;NA;NA;NA;NA;NA;NA;NA;NA;NA;NA;NA;NA;NA;NA;1,859;60,344;60,641;18;1;2;1;NA;NA;NA;33;19;20;89;1,299;29,403;29,975;13;1;2;1;NA;NA;NA;21;20;29;80;8,66;63,601;65,49;13;1;2;1;NA;NA;NA;47;27;31;71;5;4;4;NA;NA;NA;NA;NA;NA;NA;NA;NA;NA;NA;NA;NA;NA;NA;NA;NA;NA;NA;NA;NA;NA;NA;NA;NA;NA;NA;NA;NA;NA;NA;NA;NA;3,359;23,749;24,168;12;5;6;5;4;3;2;1;8,2;13,313;13,992;5;5;6;5;4;3;2;1;5,63;19,12;19,701;8;5;6;5;4;3;2;1;3;1;4;1;"";3;1;1;"";"easy";"s";"s";"s";NA;NA;NA;2;3;1;NA;NA;NA;1;3;2;0;0;"1. Left";0;0;0,5;5;1;2,33333333333333;1;1;1;1;0;0;1;0;0;0,555555555555556;1;0,333333333333333;1;4,33333333333333;1;1;1;0,473684210526316;0,5;0;0;0,5;0;0,263888888888889;-0,263888888888889;-0,388888888888889;-0,228571428571429;-0,0277777777777778;-0,121913580246914;-0,185185185185185
"64";156;1463;2024-03-09 15:47:36;NA;1;33;0;4;"15";68;92;38;58;17;100;37;77;18;79;8;29;4;"Kot";100;20;500;10;0,1;9;100;4;50;27;7;1;5;2;4;5;3;2;6;2;4;NA;NA;NA;NA;NA;NA;NA;NA;NA;NA;NA;NA;NA;NA;NA;NA;NA;NA;NA;NA;NA;NA;NA;NA;NA;NA;NA;NA;NA;NA;NA;NA;NA;NA;NA;NA;NA;NA;NA;NA;NA;NA;0,544;56,233;57,189;9;0;1;2;NA;NA;NA;65;65;67;62;4,988;142,698;144,093;11;NA;NA;NA;0;1;2;71;71;72;60;3,091;66,426;72,55;5;1;1;2;NA;NA;NA;27;27;35;82;5;4;4;NA;NA;NA;NA;NA;NA;NA;NA;NA;NA;NA;NA;NA;NA;NA;NA;NA;NA;NA;NA;NA;NA;NA;NA;NA;NA;NA;NA;NA;NA;NA;NA;NA;2,201;12,129;12,601;4;4;1;2;3;4;5;6;0,517;8,326;8,801;5;4;1;2;3;4;5;6;3,683;77,681;78,401;16;4;1;2;3;4;5;6;3;2;NA;98;"";3;1;1;"";"easy";"s";"ns";"s";NA;NA;NA;3;1;2;NA;NA;NA;2;3;1;NA;NA;"IDK & Other";0,5;0;1;6;4;4;1;1;1;1;1;0;1;0;1;0,777777777777778;1;0,666666666666667;1;4,33333333333333;1;1;1;0,368421052631579;1;0,166666666666667;0;1;0,333333333333333;0,158625730994152;0,236111111111111;-0,222222222222222;-0,228571428571429;0,472222222222222;0,100308641975309;0,148148148148148
"65";163;1250;2024-03-10 01:42:06;NA;1;43;0;4;"15";75;52;52;61;76;31;57;61;0;76;4;10;4;"Kot";100;20;500;10;1;1;10;3;50;14;7;1;5;7;4;6;1;1;4;2;7;16,523;181,101;186,005;15;NA;NA;NA;0;1;2;65;18;64;39;14,473;66,72;67,402;10;1;1;2;NA;NA;NA;62;63;71;22;7,892;37,526;38,636;6;NA;NA;NA;1;1;2;62;52;77;23;NA;NA;NA;NA;NA;NA;NA;NA;NA;NA;NA;NA;NA;NA;NA;NA;NA;NA;NA;NA;NA;NA;NA;NA;NA;NA;NA;NA;NA;NA;NA;NA;NA;NA;NA;NA;NA;NA;NA;NA;NA;NA;4;6;4;NA;NA;NA;NA;NA;NA;NA;NA;NA;NA;NA;1,77;16,701;17,647;7;3;1;2;3;4;5;6;NA;NA;NA;NA;NA;NA;NA;NA;NA;NA;NA;NA;NA;NA;NA;NA;NA;NA;NA;NA;NA;NA;NA;NA;NA;NA;NA;NA;NA;NA;NA;NA;NA;NA;NA;NA;NA;NA;NA;NA;NA;NA;NA;NA;3;1;4;1;"";3;1;1;"";"hard";"ns";"s";"ns";1;2;3;NA;NA;NA;NA;1;NA;NA;NA;NA;0;0;"1. Left";0;0;0,5;6;1;2,66666666666667;1;1;1;1;0;0;0;0;0;0,444444444444444;1;0;0;4,66666666666667;1;1;1;0,631578947368421;1;0;0;0,5;0;0,421783625730994;0,236111111111111;-0,388888888888889;-0,228571428571429;-0,0277777777777778;-0,233024691358025;-0,518518518518518
"66";169;2035;2024-03-10 05:38:05;NA;1;35;0;4;"15";81;91;9;60;71;91;40;61;61;60;30;61;4;"kot";100;17;500;10;0,1;1;10;4;25;27;4;1;3;4;4;4;3;2;4;3;7;284,619;284,619;286,229;1;NA;NA;NA;1;2;1;60;60;9;91;123,048;137,045;137,853;3;NA;NA;NA;1;2;1;61;40;19;81;141,382;141,382;143,22;1;NA;NA;NA;1;2;1;60;40;9;91;NA;NA;NA;NA;NA;NA;NA;NA;NA;NA;NA;NA;NA;NA;NA;NA;NA;NA;NA;NA;NA;NA;NA;NA;NA;NA;NA;NA;NA;NA;NA;NA;NA;NA;NA;NA;NA;NA;NA;NA;NA;NA;4;6;4;NA;NA;NA;NA;NA;NA;NA;NA;NA;NA;NA;16,336;17,69;19,052;3;5;6;5;4;3;2;1;NA;NA;NA;NA;NA;NA;NA;NA;NA;NA;NA;NA;NA;NA;NA;NA;NA;NA;NA;NA;NA;NA;NA;NA;NA;NA;NA;NA;NA;NA;NA;NA;NA;NA;NA;NA;NA;NA;NA;NA;NA;NA;NA;NA;3;2;2;4;"";4;1;1;"";"hard";"ns";"ns";"ns";1;3;2;NA;NA;NA;NA;1;NA;NA;NA;NA;0;1;"4. Law & Justice";0,5;0;0,5;5;1;2,66666666666667;1;0;1;1;1;0;1;1;1;0,777777777777778;1;1;1;4,66666666666667;1;1;1;0,421052631578947;1;0,166666666666667;0;0,5;0,333333333333333;0,21125730994152;0,236111111111111;-0,222222222222222;-0,228571428571429;-0,0277777777777778;0,100308641975309;0,481481481481482
"67";176;1539;2024-03-10 06:43:18;NA;1;30;0;3;"15";100;100;92;69;100;100;73;70;86;76;39;90;4;"kot";100;20;500;10;0,1;1;10;4;25;27;1;1;1;5;2;6;2;1;5;5;7;NA;NA;NA;NA;NA;NA;NA;NA;NA;NA;NA;NA;NA;NA;NA;NA;NA;NA;NA;NA;NA;NA;NA;NA;NA;NA;NA;NA;NA;NA;NA;NA;NA;NA;NA;NA;NA;NA;NA;NA;NA;NA;11,065;209,946;210,846;12;1;2;1;NA;NA;NA;59;58;20;90;6,282;43,105;45,911;4;1;2;1;NA;NA;NA;12;16;3;100;8,474;75,135;76,887;9;0;2;1;NA;NA;NA;22;21;6;100;4;4;3;NA;NA;NA;NA;NA;NA;NA;NA;NA;NA;NA;NA;NA;NA;NA;NA;NA;NA;NA;NA;NA;NA;NA;NA;NA;NA;NA;NA;NA;NA;NA;NA;NA;0,967;14,47;14,969;4;5;6;5;4;3;2;1;4,941;38,881;40,365;11;5;6;5;4;3;2;1;1,453;22,102;22,8;7;0;6;5;4;3;2;1;3;2;5;2;"";4;1;1;"";"easy";"s";"s";"s";NA;NA;NA;1;3;2;NA;NA;NA;3;1;2;1;0;"2. The Civic Coalition";0;0;0,5;3;1;1,66666666666667;1;1;1;1;1;0;1;1;1;0,888888888888889;1;1;1;3,66666666666667;1;1;1;0,289473684210526;0,5;0,166666666666667;0;0,5;0,166666666666667;0,0796783625730994;-0,263888888888889;-0,222222222222222;-0,228571428571429;-0,0277777777777778;0,21141975308642;0,481481481481482
"68";195;1120;2024-03-10 12:17:30;NA;1;31;1;4;"15";85;87;76;28;91;86;16;38;1;96;62;12;4;"kot";100;20;500;10;0,1;9;19;4;25;27;4;1;3;2;3;7;2;2;3;5;7;NA;NA;NA;NA;NA;NA;NA;NA;NA;NA;NA;NA;NA;NA;NA;NA;NA;NA;NA;NA;NA;NA;NA;NA;NA;NA;NA;NA;NA;NA;NA;NA;NA;NA;NA;NA;NA;NA;NA;NA;NA;NA;4,271;60,602;61,487;4;NA;NA;NA;1;2;1;19;17;11;78;7,701;115,202;116,172;7;NA;NA;NA;0;2;1;60;37;19;68;4,566;68,654;69,476;7;0;2;1;NA;NA;NA;9;8;11;94;5;4;4;NA;NA;NA;NA;NA;NA;NA;NA;NA;NA;NA;NA;NA;NA;NA;NA;NA;NA;NA;NA;NA;NA;NA;NA;NA;NA;NA;NA;NA;NA;NA;NA;NA;1,584;10,002;11,386;4;4;6;5;4;3;2;1;5,519;66,301;68,455;6;4;6;5;4;3;2;1;0,714;27,304;28,248;6;4;6;5;4;3;2;1;3;2;5;1;"";4;1;1;"";"easy";"ns";"ns";"s";NA;NA;NA;3;1;2;NA;NA;NA;2;1;3;0;0;"1. Left";0;0;0,5;3;1;2;1;1;1;1;1;1;1;1;1;1;1;1;1;4,33333333333333;1;1;1;0,315789473684211;1;0,166666666666667;0;0,5;0,166666666666667;0,105994152046784;0,236111111111111;-0,222222222222222;-0,228571428571429;-0,0277777777777778;0,322530864197531;0,481481481481482
"69";196;2328;2024-03-10 12:54:28;NA;1;38;0;4;"15";85;84;83;18;4;100;89;2;2;96;50;1;4;"Kot";100;20;50;10;0,1;1;10;4;50;14;5;1;4;6;6;7;2;2;3;7;7;19,987;211,89;212,536;13;0;2;1;NA;NA;NA;64;64;64;100;2,556;341,526;405,777;35;0;2;1;NA;NA;NA;73;66;65;100;5,549;163,353;164,901;14;NA;NA;NA;1;2;1;56;57;62;99;NA;NA;NA;NA;NA;NA;NA;NA;NA;NA;NA;NA;NA;NA;NA;NA;NA;NA;NA;NA;NA;NA;NA;NA;NA;NA;NA;NA;NA;NA;NA;NA;NA;NA;NA;NA;NA;NA;NA;NA;NA;NA;3;4;3;NA;NA;NA;NA;NA;NA;NA;NA;NA;NA;NA;NA;NA;NA;NA;NA;NA;NA;NA;NA;NA;NA;11,401;191,541;192,273;19;5;6;5;4;3;2;1;NA;NA;NA;NA;NA;NA;NA;NA;NA;NA;NA;NA;NA;NA;NA;NA;NA;NA;NA;NA;NA;NA;NA;NA;NA;NA;NA;NA;NA;NA;NA;NA;NA;3;3;5;1;"";4;1;1;"";"hard";"s";"s";"ns";3;1;2;NA;NA;NA;NA;NA;1;NA;NA;NA;0;0;"1. Left";0;0;0,5;1;1;1,33333333333333;1;1;0;1;1;0;1;0;0;0,555555555555556;1;0,333333333333333;1;3,33333333333333;1;1;1;0,5;1;0,333333333333333;0;0,5;0,166666666666667;0,290204678362573;0,236111111111111;-0,0555555555555556;-0,228571428571429;-0,0277777777777778;-0,121913580246914;-0,185185185185185
"70";202;1262;2024-03-10 15:29:06;NA;1;26;0;4;"15";76;91;92;19;91;100;19;10;0;82;9;20;4;"kot";100;20;500;10;0,1;85;100;4;25;27;6;1;5;7;7;7;2;1;3;6;7;NA;NA;NA;NA;NA;NA;NA;NA;NA;NA;NA;NA;NA;NA;NA;NA;NA;NA;NA;NA;NA;NA;NA;NA;NA;NA;NA;NA;NA;NA;NA;NA;NA;NA;NA;NA;NA;NA;NA;NA;NA;NA;82,179;82,179;94,454;1;NA;NA;NA;1;2;1;40;30;29;82;130,578;130,578;175,622;1;1;2;1;NA;NA;NA;61;39;40;71;59,108;59,108;95,56;1;0;2;1;NA;NA;NA;30;30;20;86;1;6;3;NA;NA;NA;NA;NA;NA;NA;NA;NA;NA;NA;NA;NA;NA;NA;NA;NA;NA;NA;NA;NA;NA;NA;NA;NA;NA;NA;NA;NA;NA;NA;NA;NA;60,687;60,687;62,151;1;4;6;5;4;3;2;1;32,652;32,652;33,996;1;4;6;5;4;3;2;1;90,236;90,236;91,769;1;4;6;5;4;3;2;1;3;2;5;1;"";4;1;1;"W jednym z pytañ prezentuj¹cych wnioski naukowców powtarza siê zdanie typu 'naukowcy wyci¹gnêli nastêpuj¹ce wnioski:'";"easy";"ns";"s";"s";NA;NA;NA;1;3;2;NA;NA;NA;2;3;1;0;0;"1. Left";0;0;0,5;2;1;1,33333333333333;1;1;1;1;1;0;1;1;1;0,888888888888889;1;1;1;3,33333333333333;1;1;1;0,184210526315789;1;0,166666666666667;0;0,5;0,166666666666667;-0,0255847953216374;0,236111111111111;-0,222222222222222;-0,228571428571429;-0,0277777777777778;0,21141975308642;0,481481481481482
"71";218;1453;2024-03-11 05:49:51;NA;1;27;0;3;"15";27;70;26;26;100;87;13;100;12;90;11;71;4;"Kot";100;20;500;10;0,1;9;100;4;25;27;1;1;1;1;1;6;NA;2;6;1;6;7,982;106,298;107,908;21;1;2;1;NA;NA;NA;7;21;1;82;8,748;186,424;187,436;22;NA;NA;NA;0;2;1;13;20;4;86;17,414;131,839;180,102;15;NA;NA;NA;1;2;1;21;49;2;70;NA;NA;NA;NA;NA;NA;NA;NA;NA;NA;NA;NA;NA;NA;NA;NA;NA;NA;NA;NA;NA;NA;NA;NA;NA;NA;NA;NA;NA;NA;NA;NA;NA;NA;NA;NA;NA;NA;NA;NA;NA;NA;6;6;5;4,782;30,071;30,671;16;5;6;5;4;3;2;1;NA;NA;NA;NA;NA;NA;NA;NA;NA;NA;NA;NA;NA;NA;NA;NA;NA;NA;NA;NA;NA;NA;NA;NA;NA;NA;NA;NA;NA;NA;NA;NA;NA;NA;NA;NA;NA;NA;NA;NA;NA;NA;NA;NA;NA;NA;NA;NA;NA;NA;NA;NA;NA;NA;NA;3;3;7;99;"";4;1;1;"";"hard";"s";"ns";"ns";3;2;1;NA;NA;NA;1;NA;NA;NA;NA;NA;NA;NA;"IDK & Other";NA;0;1;7;2;3,66666666666667;1;1;1;1;1;0;1;1;1;0,888888888888889;1;1;1;5,66666666666667;1;1;1;0,210526315789474;0,5;0,333333333333333;0;1;NA;0,000730994152046777;-0,263888888888889;-0,0555555555555556;-0,228571428571429;0,472222222222222;0,21141975308642;0,481481481481482
"72";220;1051;2024-03-11 06:43:41;NA;1;29;0;4;"15";55;60;84;67;93;85;61;10;2;100;85;8;4;"Kot";100;20;500;10;0,1;1;10;4;25;27;4;1;3;1;4;6;2;1;3;2;7;2,796;58,911;59,835;6;NA;NA;NA;0;2;1;29;0;0;100;6,528;198,988;199,797;14;1;2;1;NA;NA;NA;54;1;0;100;4,459;63,064;74,25;9;NA;NA;NA;1;2;1;26;0;0;100;NA;NA;NA;NA;NA;NA;NA;NA;NA;NA;NA;NA;NA;NA;NA;NA;NA;NA;NA;NA;NA;NA;NA;NA;NA;NA;NA;NA;NA;NA;NA;NA;NA;NA;NA;NA;NA;NA;NA;NA;NA;NA;4;5;4;NA;NA;NA;NA;NA;NA;NA;NA;NA;NA;NA;3,288;19,649;20,398;10;5;6;5;4;3;2;1;NA;NA;NA;NA;NA;NA;NA;NA;NA;NA;NA;NA;NA;NA;NA;NA;NA;NA;NA;NA;NA;NA;NA;NA;NA;NA;NA;NA;NA;NA;NA;NA;NA;NA;NA;NA;NA;NA;NA;NA;NA;NA;NA;NA;3;2;NA;2;"";4;1;1;"";"hard";"ns";"s";"ns";3;1;2;NA;NA;NA;NA;1;NA;NA;NA;NA;1;0;"2. The Civic Coalition";0;0;0,5;6;1;2,66666666666667;1;1;1;1;1;0;1;1;1;0,888888888888889;1;1;1;4,33333333333333;1;1;1;0,263157894736842;1;0,166666666666667;0;0,5;0,166666666666667;0,0533625730994152;0,236111111111111;-0,222222222222222;-0,228571428571429;-0,0277777777777778;0,21141975308642;0,481481481481482
